

Microchip MPLAB XC8 Assembler V3.10 build 20250813170317 
                                                                                               Sun Oct  4 23:38:24 2026

Microchip MPLAB XC8 C Compiler v3.10 (Free license) build 20250813170317 Og1 
     1                           	processor	18F4685
     2                           	fnconf	rparam,??,?,0
     3                           	pagewidth 120
     4                           	opt	flic
     5                           	psect	idataCOMRAM,global,class=CODE,space=0,delta=1,noexec
     6                           	psect	smallconst,global,reloc=2,class=SMALLCONST,space=0,delta=1,noexec
     7                           	psect	cinit,global,reloc=2,class=CODE,space=0,delta=1
     8                           	psect	bssCOMRAM,global,class=COMRAM,space=1,delta=1,lowdata,noexec
     9                           	psect	dataCOMRAM,global,class=COMRAM,space=1,delta=1,lowdata,noexec
    10                           	psect	bssBANK0,global,class=BANK0,space=1,delta=1,lowdata,noexec
    11                           	psect	bssBANK1,global,class=BANK1,space=1,delta=1,lowdata,noexec
    12                           	psect	cstackBANK0,global,class=BANK0,space=1,delta=1,lowdata,noexec
    13                           	psect	cstackCOMRAM,global,class=COMRAM,space=1,delta=1,lowdata,noexec
    14                           	psect	text0,global,reloc=2,class=CODE,space=0,delta=1
    15                           	psect	text1,global,reloc=2,class=CODE,space=0,delta=1
    16                           	psect	text2,global,reloc=2,class=CODE,space=0,delta=1
    17                           	psect	text3,global,reloc=2,class=CODE,space=0,delta=1,group=1
    18                           	psect	text4,global,reloc=2,class=CODE,space=0,delta=1
    19                           	psect	text5,global,reloc=2,class=CODE,space=0,delta=1,group=1
    20                           	psect	text6,global,reloc=2,class=CODE,space=0,delta=1
    21                           	psect	text7,global,reloc=2,class=CODE,space=0,delta=1
    22                           	psect	text8,global,reloc=2,class=CODE,space=0,delta=1
    23                           	psect	intcode,global,reloc=2,class=CODE,space=0,delta=1
    24                           	psect	text10,global,reloc=2,class=CODE,space=0,delta=1
    25                           	psect	intsave_regs,global,class=BIGRAM,space=1,delta=1,noexec
    26                           	psect	rparam,global,class=COMRAM,space=1,delta=1,noexec
    27                           	psect	config,global,abs,ovrld,class=CONFIG,space=4,delta=1,noexec
    28                           	dabs	1,0x1,1
    29   000000                     
    30                           ; Generated 17/10/2023 GMT
    31                           ; 
    32                           ; Copyright © 2023, Microchip Technology Inc. and its subsidiaries ("Microchip")
    33                           ; All rights reserved.
    34                           ; 
    35                           ; This software is developed by Microchip Technology Inc. and its subsidiaries ("Microch
      +                          ip").
    36                           ; 
    37                           ; Redistribution and use in source and binary forms, with or without modification, are
    38                           ; permitted provided that the following conditions are met:
    39                           ; 
    40                           ;     1. Redistributions of source code must retain the above copyright notice, this lis
      +                          t of
    41                           ;        conditions and the following disclaimer.
    42                           ; 
    43                           ;     2. Redistributions in binary form must reproduce the above copyright notice, this 
      +                          list
    44                           ;        of conditions and the following disclaimer in the documentation and/or other
    45                           ;        materials provided with the distribution. Publication is not required when
    46                           ;        this file is used in an embedded application.
    47                           ; 
    48                           ;     3. Microchip's name may not be used to endorse or promote products derived from th
      +                          is
    49                           ;        software without specific prior written permission.
    50                           ; 
    51                           ; THIS SOFTWARE IS PROVIDED BY MICROCHIP "AS IS" AND ANY EXPRESS OR IMPLIED WARRANTIES,
    52                           ; INCLUDING, BUT NOT LIMITED TO, THE IMPLIED WARRANTIES OF MERCHANTABILITY AND FITNESS F
      +                          OR
    53                           ; PURPOSE ARE DISCLAIMED.  IN NO EVENT SHALL MICROCHIP BE LIABLE FOR ANY DIRECT, INDIREC
      +                          T,
    54                           ; INCIDENTAL, SPECIAL, EXEMPLARY, OR CONSEQUENTIAL DAMAGES (INCLUDING BUT NOT LIMITED TO
    55                           ; PROCUREMENT OF SUBSTITUTE GOODS OR SERVICES; LOSS OF USE, DATA OR PROFITS; OR BUSINESS
    56                           ; INTERRUPTION) HOWSOEVER CAUSED AND ON ANY THEORY OF LIABILITY, WHETHER IN CONTRACT, ST
      +                          RICT
    57                           ; LIABILITY, OR TORT (INCLUDING NEGLIGENCE OR OTHERWISE) ARISING IN ANY WAY OUT OF THE U
      +                          SE OF
    58                           ; THIS SOFTWARE, EVEN IF ADVISED OF THE POSSIBILITY OF SUCH DAMAGE.
    59                           ; 
    60                           ; 
    61                           ; Code-generator required, PIC18F4685 Definitions
    62                           ; 
    63                           ; SFR Addresses
    64   000FE0                     bsr             equ	4064
    65   000FE9                     fsr0            equ	4073
    66   000FEA                     fsr0h           equ	4074
    67   000FE9                     fsr0l           equ	4073
    68   000FE1                     fsr1            equ	4065
    69   000FE2                     fsr1h           equ	4066
    70   000FE1                     fsr1l           equ	4065
    71   000FD9                     fsr2            equ	4057
    72   000FDA                     fsr2h           equ	4058
    73   000FD9                     fsr2l           equ	4057
    74   000FEF                     indf0           equ	4079
    75   000FE7                     indf1           equ	4071
    76   000FDF                     indf2           equ	4063
    77   000FF2                     intcon          equ	4082
    78   000000                     nvmcon          equ	0
    79   000FF9                     pcl             equ	4089
    80   000FFA                     pclath          equ	4090
    81   000FFB                     pclatu          equ	4091
    82   000FEB                     plusw0          equ	4075
    83   000FE3                     plusw1          equ	4067
    84   000FDB                     plusw2          equ	4059
    85   000FED                     postdec0        equ	4077
    86   000FE5                     postdec1        equ	4069
    87   000FDD                     postdec2        equ	4061
    88   000FEE                     postinc0        equ	4078
    89   000FE6                     postinc1        equ	4070
    90   000FDE                     postinc2        equ	4062
    91   000FEC                     preinc0         equ	4076
    92   000FE4                     preinc1         equ	4068
    93   000FDC                     preinc2         equ	4060
    94   000FF3                     prod            equ	4083
    95   000FF4                     prodh           equ	4084
    96   000FF3                     prodl           equ	4083
    97   000FD8                     status          equ	4056
    98   000FF5                     tablat          equ	4085
    99   000FF6                     tblptr          equ	4086
   100   000FF7                     tblptrh         equ	4087
   101   000FF6                     tblptrl         equ	4086
   102   000FF8                     tblptru         equ	4088
   103   000FFD                     tosl            equ	4093
   104   000FE8                     wreg            equ	4072
   105   000D60                     RXF6SIDH        equ	3424	;# 
   106   000D61                     RXF6SIDL        equ	3425	;# 
   107   000D62                     RXF6EIDH        equ	3426	;# 
   108   000D63                     RXF6EIDL        equ	3427	;# 
   109   000D64                     RXF7SIDH        equ	3428	;# 
   110   000D65                     RXF7SIDL        equ	3429	;# 
   111   000D66                     RXF7EIDH        equ	3430	;# 
   112   000D67                     RXF7EIDL        equ	3431	;# 
   113   000D68                     RXF8SIDH        equ	3432	;# 
   114   000D69                     RXF8SIDL        equ	3433	;# 
   115   000D6A                     RXF8EIDH        equ	3434	;# 
   116   000D6B                     RXF8EIDL        equ	3435	;# 
   117   000D70                     RXF9SIDH        equ	3440	;# 
   118   000D71                     RXF9SIDL        equ	3441	;# 
   119   000D72                     RXF9EIDH        equ	3442	;# 
   120   000D73                     RXF9EIDL        equ	3443	;# 
   121   000D74                     RXF10SIDH       equ	3444	;# 
   122   000D75                     RXF10SIDL       equ	3445	;# 
   123   000D76                     RXF10EIDH       equ	3446	;# 
   124   000D77                     RXF10EIDL       equ	3447	;# 
   125   000D78                     RXF11SIDH       equ	3448	;# 
   126   000D79                     RXF11SIDL       equ	3449	;# 
   127   000D7A                     RXF11EIDH       equ	3450	;# 
   128   000D7B                     RXF11EIDL       equ	3451	;# 
   129   000D80                     RXF12SIDH       equ	3456	;# 
   130   000D81                     RXF12SIDL       equ	3457	;# 
   131   000D82                     RXF12EIDH       equ	3458	;# 
   132   000D83                     RXF12EIDL       equ	3459	;# 
   133   000D84                     RXF13SIDH       equ	3460	;# 
   134   000D85                     RXF13SIDL       equ	3461	;# 
   135   000D86                     RXF13EIDH       equ	3462	;# 
   136   000D87                     RXF13EIDL       equ	3463	;# 
   137   000D88                     RXF14SIDH       equ	3464	;# 
   138   000D89                     RXF14SIDL       equ	3465	;# 
   139   000D8A                     RXF14EIDH       equ	3466	;# 
   140   000D8B                     RXF14EIDL       equ	3467	;# 
   141   000D90                     RXF15SIDH       equ	3472	;# 
   142   000D91                     RXF15SIDL       equ	3473	;# 
   143   000D92                     RXF15EIDH       equ	3474	;# 
   144   000D93                     RXF15EIDL       equ	3475	;# 
   145   000DD4                     RXFCON0         equ	3540	;# 
   146   000DD5                     RXFCON1         equ	3541	;# 
   147   000DD8                     SDFLC           equ	3544	;# 
   148   000DE0                     RXFBCON0        equ	3552	;# 
   149   000DE1                     RXFBCON1        equ	3553	;# 
   150   000DE2                     RXFBCON2        equ	3554	;# 
   151   000DE3                     RXFBCON3        equ	3555	;# 
   152   000DE4                     RXFBCON4        equ	3556	;# 
   153   000DE5                     RXFBCON5        equ	3557	;# 
   154   000DE6                     RXFBCON6        equ	3558	;# 
   155   000DE7                     RXFBCON7        equ	3559	;# 
   156   000DF0                     MSEL0           equ	3568	;# 
   157   000DF1                     MSEL1           equ	3569	;# 
   158   000DF2                     MSEL2           equ	3570	;# 
   159   000DF3                     MSEL3           equ	3571	;# 
   160   000DF8                     BSEL0           equ	3576	;# 
   161   000DFA                     BIE0            equ	3578	;# 
   162   000DFC                     TXBIE           equ	3580	;# 
   163   000E20                     B0CON           equ	3616	;# 
   164   000E21                     B0SIDH          equ	3617	;# 
   165   000E22                     B0SIDL          equ	3618	;# 
   166   000E23                     B0EIDH          equ	3619	;# 
   167   000E24                     B0EIDL          equ	3620	;# 
   168   000E25                     B0DLC           equ	3621	;# 
   169   000E26                     B0D0            equ	3622	;# 
   170   000E27                     B0D1            equ	3623	;# 
   171   000E28                     B0D2            equ	3624	;# 
   172   000E29                     B0D3            equ	3625	;# 
   173   000E2A                     B0D4            equ	3626	;# 
   174   000E2B                     B0D5            equ	3627	;# 
   175   000E2C                     B0D6            equ	3628	;# 
   176   000E2D                     B0D7            equ	3629	;# 
   177   000E2E                     CANSTAT_RO9     equ	3630	;# 
   178   000E2F                     CANCON_RO9      equ	3631	;# 
   179   000E30                     B1CON           equ	3632	;# 
   180   000E31                     B1SIDH          equ	3633	;# 
   181   000E32                     B1SIDL          equ	3634	;# 
   182   000E33                     B1EIDH          equ	3635	;# 
   183   000E34                     B1EIDL          equ	3636	;# 
   184   000E35                     B1DLC           equ	3637	;# 
   185   000E36                     B1D0            equ	3638	;# 
   186   000E37                     B1D1            equ	3639	;# 
   187   000E38                     B1D2            equ	3640	;# 
   188   000E39                     B1D3            equ	3641	;# 
   189   000E3A                     B1D4            equ	3642	;# 
   190   000E3B                     B1D5            equ	3643	;# 
   191   000E3C                     B1D6            equ	3644	;# 
   192   000E3D                     B1D7            equ	3645	;# 
   193   000E3E                     CANSTAT_RO8     equ	3646	;# 
   194   000E3F                     CANCON_RO8      equ	3647	;# 
   195   000E40                     B2CON           equ	3648	;# 
   196   000E41                     B2SIDH          equ	3649	;# 
   197   000E42                     B2SIDL          equ	3650	;# 
   198   000E43                     B2EIDH          equ	3651	;# 
   199   000E44                     B2EIDL          equ	3652	;# 
   200   000E45                     B2DLC           equ	3653	;# 
   201   000E46                     B2D0            equ	3654	;# 
   202   000E47                     B2D1            equ	3655	;# 
   203   000E48                     B2D2            equ	3656	;# 
   204   000E49                     B2D3            equ	3657	;# 
   205   000E4A                     B2D4            equ	3658	;# 
   206   000E4B                     B2D5            equ	3659	;# 
   207   000E4C                     B2D6            equ	3660	;# 
   208   000E4D                     B2D7            equ	3661	;# 
   209   000E4E                     CANSTAT_RO7     equ	3662	;# 
   210   000E4F                     CANCON_RO7      equ	3663	;# 
   211   000E50                     B3CON           equ	3664	;# 
   212   000E51                     B3SIDH          equ	3665	;# 
   213   000E52                     B3SIDL          equ	3666	;# 
   214   000E53                     B3EIDH          equ	3667	;# 
   215   000E54                     B3EIDL          equ	3668	;# 
   216   000E55                     B3DLC           equ	3669	;# 
   217   000E56                     B3D0            equ	3670	;# 
   218   000E57                     B3D1            equ	3671	;# 
   219   000E58                     B3D2            equ	3672	;# 
   220   000E59                     B3D3            equ	3673	;# 
   221   000E5A                     B3D4            equ	3674	;# 
   222   000E5B                     B3D5            equ	3675	;# 
   223   000E5C                     B3D6            equ	3676	;# 
   224   000E5D                     B3D7            equ	3677	;# 
   225   000E5E                     CANSTAT_RO6     equ	3678	;# 
   226   000E5F                     CANCON_RO6      equ	3679	;# 
   227   000E60                     B4CON           equ	3680	;# 
   228   000E61                     B4SIDH          equ	3681	;# 
   229   000E62                     B4SIDL          equ	3682	;# 
   230   000E63                     B4EIDH          equ	3683	;# 
   231   000E64                     B4EIDL          equ	3684	;# 
   232   000E65                     B4DLC           equ	3685	;# 
   233   000E66                     B4D0            equ	3686	;# 
   234   000E67                     B4D1            equ	3687	;# 
   235   000E68                     B4D2            equ	3688	;# 
   236   000E69                     B4D3            equ	3689	;# 
   237   000E6A                     B4D4            equ	3690	;# 
   238   000E6B                     B4D5            equ	3691	;# 
   239   000E6C                     B4D6            equ	3692	;# 
   240   000E6D                     B4D7            equ	3693	;# 
   241   000E6E                     CANSTAT_RO5     equ	3694	;# 
   242   000E6F                     CANCON_RO5      equ	3695	;# 
   243   000E70                     B5CON           equ	3696	;# 
   244   000E71                     B5SIDH          equ	3697	;# 
   245   000E72                     B5SIDL          equ	3698	;# 
   246   000E73                     B5EIDH          equ	3699	;# 
   247   000E74                     B5EIDL          equ	3700	;# 
   248   000E75                     B5DLC           equ	3701	;# 
   249   000E76                     B5D0            equ	3702	;# 
   250   000E77                     B5D1            equ	3703	;# 
   251   000E78                     B5D2            equ	3704	;# 
   252   000E79                     B5D3            equ	3705	;# 
   253   000E7A                     B5D4            equ	3706	;# 
   254   000E7B                     B5D5            equ	3707	;# 
   255   000E7C                     B5D6            equ	3708	;# 
   256   000E7D                     B5D7            equ	3709	;# 
   257   000E7E                     CANSTAT_RO4     equ	3710	;# 
   258   000E7F                     CANCON_RO4      equ	3711	;# 
   259   000F00                     RXF0SIDH        equ	3840	;# 
   260   000F01                     RXF0SIDL        equ	3841	;# 
   261   000F02                     RXF0EIDH        equ	3842	;# 
   262   000F03                     RXF0EIDL        equ	3843	;# 
   263   000F04                     RXF1SIDH        equ	3844	;# 
   264   000F05                     RXF1SIDL        equ	3845	;# 
   265   000F06                     RXF1EIDH        equ	3846	;# 
   266   000F07                     RXF1EIDL        equ	3847	;# 
   267   000F08                     RXF2SIDH        equ	3848	;# 
   268   000F09                     RXF2SIDL        equ	3849	;# 
   269   000F0A                     RXF2EIDH        equ	3850	;# 
   270   000F0B                     RXF2EIDL        equ	3851	;# 
   271   000F0C                     RXF3SIDH        equ	3852	;# 
   272   000F0D                     RXF3SIDL        equ	3853	;# 
   273   000F0E                     RXF3EIDH        equ	3854	;# 
   274   000F0F                     RXF3EIDL        equ	3855	;# 
   275   000F10                     RXF4SIDH        equ	3856	;# 
   276   000F11                     RXF4SIDL        equ	3857	;# 
   277   000F12                     RXF4EIDH        equ	3858	;# 
   278   000F13                     RXF4EIDL        equ	3859	;# 
   279   000F14                     RXF5SIDH        equ	3860	;# 
   280   000F15                     RXF5SIDL        equ	3861	;# 
   281   000F16                     RXF5EIDH        equ	3862	;# 
   282   000F17                     RXF5EIDL        equ	3863	;# 
   283   000F18                     RXM0SIDH        equ	3864	;# 
   284   000F19                     RXM0SIDL        equ	3865	;# 
   285   000F1A                     RXM0EIDH        equ	3866	;# 
   286   000F1B                     RXM0EIDL        equ	3867	;# 
   287   000F1C                     RXM1SIDH        equ	3868	;# 
   288   000F1D                     RXM1SIDL        equ	3869	;# 
   289   000F1E                     RXM1EIDH        equ	3870	;# 
   290   000F1F                     RXM1EIDL        equ	3871	;# 
   291   000F20                     TXB2CON         equ	3872	;# 
   292   000F21                     TXB2SIDH        equ	3873	;# 
   293   000F22                     TXB2SIDL        equ	3874	;# 
   294   000F23                     TXB2EIDH        equ	3875	;# 
   295   000F24                     TXB2EIDL        equ	3876	;# 
   296   000F25                     TXB2DLC         equ	3877	;# 
   297   000F26                     TXB2D0          equ	3878	;# 
   298   000F27                     TXB2D1          equ	3879	;# 
   299   000F28                     TXB2D2          equ	3880	;# 
   300   000F29                     TXB2D3          equ	3881	;# 
   301   000F2A                     TXB2D4          equ	3882	;# 
   302   000F2B                     TXB2D5          equ	3883	;# 
   303   000F2C                     TXB2D6          equ	3884	;# 
   304   000F2D                     TXB2D7          equ	3885	;# 
   305   000F2E                     CANSTAT_RO3     equ	3886	;# 
   306   000F2F                     CANCON_RO3      equ	3887	;# 
   307   000F30                     TXB1CON         equ	3888	;# 
   308   000F31                     TXB1SIDH        equ	3889	;# 
   309   000F32                     TXB1SIDL        equ	3890	;# 
   310   000F33                     TXB1EIDH        equ	3891	;# 
   311   000F34                     TXB1EIDL        equ	3892	;# 
   312   000F35                     TXB1DLC         equ	3893	;# 
   313   000F36                     TXB1D0          equ	3894	;# 
   314   000F37                     TXB1D1          equ	3895	;# 
   315   000F38                     TXB1D2          equ	3896	;# 
   316   000F39                     TXB1D3          equ	3897	;# 
   317   000F3A                     TXB1D4          equ	3898	;# 
   318   000F3B                     TXB1D5          equ	3899	;# 
   319   000F3C                     TXB1D6          equ	3900	;# 
   320   000F3D                     TXB1D7          equ	3901	;# 
   321   000F3E                     CANSTAT_RO2     equ	3902	;# 
   322   000F3F                     CANCON_RO2      equ	3903	;# 
   323   000F40                     TXB0CON         equ	3904	;# 
   324   000F41                     TXB0SIDH        equ	3905	;# 
   325   000F42                     TXB0SIDL        equ	3906	;# 
   326   000F43                     TXB0EIDH        equ	3907	;# 
   327   000F44                     TXB0EIDL        equ	3908	;# 
   328   000F45                     TXB0DLC         equ	3909	;# 
   329   000F46                     TXB0D0          equ	3910	;# 
   330   000F47                     TXB0D1          equ	3911	;# 
   331   000F48                     TXB0D2          equ	3912	;# 
   332   000F49                     TXB0D3          equ	3913	;# 
   333   000F4A                     TXB0D4          equ	3914	;# 
   334   000F4B                     TXB0D5          equ	3915	;# 
   335   000F4C                     TXB0D6          equ	3916	;# 
   336   000F4D                     TXB0D7          equ	3917	;# 
   337   000F4E                     CANSTAT_RO1     equ	3918	;# 
   338   000F4F                     CANCON_RO1      equ	3919	;# 
   339   000F50                     RXB1CON         equ	3920	;# 
   340   000F51                     RXB1SIDH        equ	3921	;# 
   341   000F52                     RXB1SIDL        equ	3922	;# 
   342   000F53                     RXB1EIDH        equ	3923	;# 
   343   000F54                     RXB1EIDL        equ	3924	;# 
   344   000F55                     RXB1DLC         equ	3925	;# 
   345   000F56                     RXB1D0          equ	3926	;# 
   346   000F57                     RXB1D1          equ	3927	;# 
   347   000F58                     RXB1D2          equ	3928	;# 
   348   000F59                     RXB1D3          equ	3929	;# 
   349   000F5A                     RXB1D4          equ	3930	;# 
   350   000F5B                     RXB1D5          equ	3931	;# 
   351   000F5C                     RXB1D6          equ	3932	;# 
   352   000F5D                     RXB1D7          equ	3933	;# 
   353   000F5E                     CANSTAT_RO0     equ	3934	;# 
   354   000F5F                     CANCON_RO0      equ	3935	;# 
   355   000F60                     RXB0CON         equ	3936	;# 
   356   000F61                     RXB0SIDH        equ	3937	;# 
   357   000F62                     RXB0SIDL        equ	3938	;# 
   358   000F63                     RXB0EIDH        equ	3939	;# 
   359   000F64                     RXB0EIDL        equ	3940	;# 
   360   000F65                     RXB0DLC         equ	3941	;# 
   361   000F66                     RXB0D0          equ	3942	;# 
   362   000F67                     RXB0D1          equ	3943	;# 
   363   000F68                     RXB0D2          equ	3944	;# 
   364   000F69                     RXB0D3          equ	3945	;# 
   365   000F6A                     RXB0D4          equ	3946	;# 
   366   000F6B                     RXB0D5          equ	3947	;# 
   367   000F6C                     RXB0D6          equ	3948	;# 
   368   000F6D                     RXB0D7          equ	3949	;# 
   369   000F6E                     CANSTAT         equ	3950	;# 
   370   000F6F                     CANCON          equ	3951	;# 
   371   000F70                     BRGCON1         equ	3952	;# 
   372   000F71                     BRGCON2         equ	3953	;# 
   373   000F72                     BRGCON3         equ	3954	;# 
   374   000F73                     CIOCON          equ	3955	;# 
   375   000F74                     COMSTAT         equ	3956	;# 
   376   000F75                     RXERRCNT        equ	3957	;# 
   377   000F76                     TXERRCNT        equ	3958	;# 
   378   000F77                     ECANCON         equ	3959	;# 
   379   000F80                     PORTA           equ	3968	;# 
   380   000F81                     PORTB           equ	3969	;# 
   381   000F82                     PORTC           equ	3970	;# 
   382   000F83                     PORTD           equ	3971	;# 
   383   000F84                     PORTE           equ	3972	;# 
   384   000F89                     LATA            equ	3977	;# 
   385   000F8A                     LATB            equ	3978	;# 
   386   000F8B                     LATC            equ	3979	;# 
   387   000F8C                     LATD            equ	3980	;# 
   388   000F8D                     LATE            equ	3981	;# 
   389   000F92                     TRISA           equ	3986	;# 
   390   000F92                     DDRA            equ	3986	;# 
   391   000F93                     TRISB           equ	3987	;# 
   392   000F93                     DDRB            equ	3987	;# 
   393   000F94                     TRISC           equ	3988	;# 
   394   000F94                     DDRC            equ	3988	;# 
   395   000F95                     TRISD           equ	3989	;# 
   396   000F95                     DDRD            equ	3989	;# 
   397   000F96                     TRISE           equ	3990	;# 
   398   000F96                     DDRE            equ	3990	;# 
   399   000F9B                     OSCTUNE         equ	3995	;# 
   400   000F9D                     PIE1            equ	3997	;# 
   401   000F9E                     PIR1            equ	3998	;# 
   402   000F9F                     IPR1            equ	3999	;# 
   403   000FA0                     PIE2            equ	4000	;# 
   404   000FA1                     PIR2            equ	4001	;# 
   405   000FA2                     IPR2            equ	4002	;# 
   406   000FA3                     PIE3            equ	4003	;# 
   407   000FA4                     PIR3            equ	4004	;# 
   408   000FA5                     IPR3            equ	4005	;# 
   409   000FA6                     EECON1          equ	4006	;# 
   410   000FA7                     EECON2          equ	4007	;# 
   411   000FA8                     EEDATA          equ	4008	;# 
   412   000FA9                     EEADR           equ	4009	;# 
   413   000FAA                     EEADRH          equ	4010	;# 
   414   000FAB                     RCSTA           equ	4011	;# 
   415   000FAB                     RCSTA1          equ	4011	;# 
   416   000FAC                     TXSTA           equ	4012	;# 
   417   000FAC                     TXSTA1          equ	4012	;# 
   418   000FAD                     TXREG           equ	4013	;# 
   419   000FAD                     TXREG1          equ	4013	;# 
   420   000FAE                     RCREG           equ	4014	;# 
   421   000FAE                     RCREG1          equ	4014	;# 
   422   000FAF                     SPBRG           equ	4015	;# 
   423   000FAF                     SPBRG1          equ	4015	;# 
   424   000FB0                     SPBRGH          equ	4016	;# 
   425   000FB1                     T3CON           equ	4017	;# 
   426   000FB2                     TMR3            equ	4018	;# 
   427   000FB2                     TMR3L           equ	4018	;# 
   428   000FB3                     TMR3H           equ	4019	;# 
   429   000FB4                     CMCON           equ	4020	;# 
   430   000FB5                     CVRCON          equ	4021	;# 
   431   000FB6                     ECCP1AS         equ	4022	;# 
   432   000FB7                     ECCP1DEL        equ	4023	;# 
   433   000FB8                     BAUDCON         equ	4024	;# 
   434   000FB8                     BAUDCTL         equ	4024	;# 
   435   000FBA                     ECCP1CON        equ	4026	;# 
   436   000FBB                     ECCPR1          equ	4027	;# 
   437   000FBB                     ECCPR1L         equ	4027	;# 
   438   000FBC                     ECCPR1H         equ	4028	;# 
   439   000FBD                     CCP1CON         equ	4029	;# 
   440   000FBE                     CCPR1           equ	4030	;# 
   441   000FBE                     CCPR1L          equ	4030	;# 
   442   000FBF                     CCPR1H          equ	4031	;# 
   443   000FC0                     ADCON2          equ	4032	;# 
   444   000FC1                     ADCON1          equ	4033	;# 
   445   000FC2                     ADCON0          equ	4034	;# 
   446   000FC3                     ADRES           equ	4035	;# 
   447   000FC3                     ADRESL          equ	4035	;# 
   448   000FC4                     ADRESH          equ	4036	;# 
   449   000FC5                     SSPCON2         equ	4037	;# 
   450   000FC6                     SSPCON1         equ	4038	;# 
   451   000FC7                     SSPSTAT         equ	4039	;# 
   452   000FC8                     SSPADD          equ	4040	;# 
   453   000FC9                     SSPBUF          equ	4041	;# 
   454   000FCA                     T2CON           equ	4042	;# 
   455   000FCB                     PR2             equ	4043	;# 
   456   000FCB                     MEMCON          equ	4043	;# 
   457   000FCC                     TMR2            equ	4044	;# 
   458   000FCD                     T1CON           equ	4045	;# 
   459   000FCE                     TMR1            equ	4046	;# 
   460   000FCE                     TMR1L           equ	4046	;# 
   461   000FCF                     TMR1H           equ	4047	;# 
   462   000FD0                     RCON            equ	4048	;# 
   463   000FD1                     WDTCON          equ	4049	;# 
   464   000FD2                     HLVDCON         equ	4050	;# 
   465   000FD2                     LVDCON          equ	4050	;# 
   466   000FD3                     OSCCON          equ	4051	;# 
   467   000FD5                     T0CON           equ	4053	;# 
   468   000FD6                     TMR0            equ	4054	;# 
   469   000FD6                     TMR0L           equ	4054	;# 
   470   000FD7                     TMR0H           equ	4055	;# 
   471   000FD8                     STATUS          equ	4056	;# 
   472   000FD9                     FSR2            equ	4057	;# 
   473   000FD9                     FSR2L           equ	4057	;# 
   474   000FDA                     FSR2H           equ	4058	;# 
   475   000FDB                     PLUSW2          equ	4059	;# 
   476   000FDC                     PREINC2         equ	4060	;# 
   477   000FDD                     POSTDEC2        equ	4061	;# 
   478   000FDE                     POSTINC2        equ	4062	;# 
   479   000FDF                     INDF2           equ	4063	;# 
   480   000FE0                     BSR             equ	4064	;# 
   481   000FE1                     FSR1            equ	4065	;# 
   482   000FE1                     FSR1L           equ	4065	;# 
   483   000FE2                     FSR1H           equ	4066	;# 
   484   000FE3                     PLUSW1          equ	4067	;# 
   485   000FE4                     PREINC1         equ	4068	;# 
   486   000FE5                     POSTDEC1        equ	4069	;# 
   487   000FE6                     POSTINC1        equ	4070	;# 
   488   000FE7                     INDF1           equ	4071	;# 
   489   000FE8                     WREG            equ	4072	;# 
   490   000FE9                     FSR0            equ	4073	;# 
   491   000FE9                     FSR0L           equ	4073	;# 
   492   000FEA                     FSR0H           equ	4074	;# 
   493   000FEB                     PLUSW0          equ	4075	;# 
   494   000FEC                     PREINC0         equ	4076	;# 
   495   000FED                     POSTDEC0        equ	4077	;# 
   496   000FEE                     POSTINC0        equ	4078	;# 
   497   000FEF                     INDF0           equ	4079	;# 
   498   000FF0                     INTCON3         equ	4080	;# 
   499   000FF1                     INTCON2         equ	4081	;# 
   500   000FF2                     INTCON          equ	4082	;# 
   501   000FF3                     PROD            equ	4083	;# 
   502   000FF3                     PRODL           equ	4083	;# 
   503   000FF4                     PRODH           equ	4084	;# 
   504   000FF5                     TABLAT          equ	4085	;# 
   505   000FF6                     TBLPTR          equ	4086	;# 
   506   000FF6                     TBLPTRL         equ	4086	;# 
   507   000FF7                     TBLPTRH         equ	4087	;# 
   508   000FF8                     TBLPTRU         equ	4088	;# 
   509   000FF9                     PCLAT           equ	4089	;# 
   510   000FF9                     PC              equ	4089	;# 
   511   000FF9                     PCL             equ	4089	;# 
   512   000FFA                     PCLATH          equ	4090	;# 
   513   000FFB                     PCLATU          equ	4091	;# 
   514   000FFC                     STKPTR          equ	4092	;# 
   515   000FFD                     TOS             equ	4093	;# 
   516   000FFD                     TOSL            equ	4093	;# 
   517   000FFE                     TOSH            equ	4094	;# 
   518   000FFF                     TOSU            equ	4095	;# 
   519   000D60                     RXF6SIDH        equ	3424	;# 
   520   000D61                     RXF6SIDL        equ	3425	;# 
   521   000D62                     RXF6EIDH        equ	3426	;# 
   522   000D63                     RXF6EIDL        equ	3427	;# 
   523   000D64                     RXF7SIDH        equ	3428	;# 
   524   000D65                     RXF7SIDL        equ	3429	;# 
   525   000D66                     RXF7EIDH        equ	3430	;# 
   526   000D67                     RXF7EIDL        equ	3431	;# 
   527   000D68                     RXF8SIDH        equ	3432	;# 
   528   000D69                     RXF8SIDL        equ	3433	;# 
   529   000D6A                     RXF8EIDH        equ	3434	;# 
   530   000D6B                     RXF8EIDL        equ	3435	;# 
   531   000D70                     RXF9SIDH        equ	3440	;# 
   532   000D71                     RXF9SIDL        equ	3441	;# 
   533   000D72                     RXF9EIDH        equ	3442	;# 
   534   000D73                     RXF9EIDL        equ	3443	;# 
   535   000D74                     RXF10SIDH       equ	3444	;# 
   536   000D75                     RXF10SIDL       equ	3445	;# 
   537   000D76                     RXF10EIDH       equ	3446	;# 
   538   000D77                     RXF10EIDL       equ	3447	;# 
   539   000D78                     RXF11SIDH       equ	3448	;# 
   540   000D79                     RXF11SIDL       equ	3449	;# 
   541   000D7A                     RXF11EIDH       equ	3450	;# 
   542   000D7B                     RXF11EIDL       equ	3451	;# 
   543   000D80                     RXF12SIDH       equ	3456	;# 
   544   000D81                     RXF12SIDL       equ	3457	;# 
   545   000D82                     RXF12EIDH       equ	3458	;# 
   546   000D83                     RXF12EIDL       equ	3459	;# 
   547   000D84                     RXF13SIDH       equ	3460	;# 
   548   000D85                     RXF13SIDL       equ	3461	;# 
   549   000D86                     RXF13EIDH       equ	3462	;# 
   550   000D87                     RXF13EIDL       equ	3463	;# 
   551   000D88                     RXF14SIDH       equ	3464	;# 
   552   000D89                     RXF14SIDL       equ	3465	;# 
   553   000D8A                     RXF14EIDH       equ	3466	;# 
   554   000D8B                     RXF14EIDL       equ	3467	;# 
   555   000D90                     RXF15SIDH       equ	3472	;# 
   556   000D91                     RXF15SIDL       equ	3473	;# 
   557   000D92                     RXF15EIDH       equ	3474	;# 
   558   000D93                     RXF15EIDL       equ	3475	;# 
   559   000DD4                     RXFCON0         equ	3540	;# 
   560   000DD5                     RXFCON1         equ	3541	;# 
   561   000DD8                     SDFLC           equ	3544	;# 
   562   000DE0                     RXFBCON0        equ	3552	;# 
   563   000DE1                     RXFBCON1        equ	3553	;# 
   564   000DE2                     RXFBCON2        equ	3554	;# 
   565   000DE3                     RXFBCON3        equ	3555	;# 
   566   000DE4                     RXFBCON4        equ	3556	;# 
   567   000DE5                     RXFBCON5        equ	3557	;# 
   568   000DE6                     RXFBCON6        equ	3558	;# 
   569   000DE7                     RXFBCON7        equ	3559	;# 
   570   000DF0                     MSEL0           equ	3568	;# 
   571   000DF1                     MSEL1           equ	3569	;# 
   572   000DF2                     MSEL2           equ	3570	;# 
   573   000DF3                     MSEL3           equ	3571	;# 
   574   000DF8                     BSEL0           equ	3576	;# 
   575   000DFA                     BIE0            equ	3578	;# 
   576   000DFC                     TXBIE           equ	3580	;# 
   577   000E20                     B0CON           equ	3616	;# 
   578   000E21                     B0SIDH          equ	3617	;# 
   579   000E22                     B0SIDL          equ	3618	;# 
   580   000E23                     B0EIDH          equ	3619	;# 
   581   000E24                     B0EIDL          equ	3620	;# 
   582   000E25                     B0DLC           equ	3621	;# 
   583   000E26                     B0D0            equ	3622	;# 
   584   000E27                     B0D1            equ	3623	;# 
   585   000E28                     B0D2            equ	3624	;# 
   586   000E29                     B0D3            equ	3625	;# 
   587   000E2A                     B0D4            equ	3626	;# 
   588   000E2B                     B0D5            equ	3627	;# 
   589   000E2C                     B0D6            equ	3628	;# 
   590   000E2D                     B0D7            equ	3629	;# 
   591   000E2E                     CANSTAT_RO9     equ	3630	;# 
   592   000E2F                     CANCON_RO9      equ	3631	;# 
   593   000E30                     B1CON           equ	3632	;# 
   594   000E31                     B1SIDH          equ	3633	;# 
   595   000E32                     B1SIDL          equ	3634	;# 
   596   000E33                     B1EIDH          equ	3635	;# 
   597   000E34                     B1EIDL          equ	3636	;# 
   598   000E35                     B1DLC           equ	3637	;# 
   599   000E36                     B1D0            equ	3638	;# 
   600   000E37                     B1D1            equ	3639	;# 
   601   000E38                     B1D2            equ	3640	;# 
   602   000E39                     B1D3            equ	3641	;# 
   603   000E3A                     B1D4            equ	3642	;# 
   604   000E3B                     B1D5            equ	3643	;# 
   605   000E3C                     B1D6            equ	3644	;# 
   606   000E3D                     B1D7            equ	3645	;# 
   607   000E3E                     CANSTAT_RO8     equ	3646	;# 
   608   000E3F                     CANCON_RO8      equ	3647	;# 
   609   000E40                     B2CON           equ	3648	;# 
   610   000E41                     B2SIDH          equ	3649	;# 
   611   000E42                     B2SIDL          equ	3650	;# 
   612   000E43                     B2EIDH          equ	3651	;# 
   613   000E44                     B2EIDL          equ	3652	;# 
   614   000E45                     B2DLC           equ	3653	;# 
   615   000E46                     B2D0            equ	3654	;# 
   616   000E47                     B2D1            equ	3655	;# 
   617   000E48                     B2D2            equ	3656	;# 
   618   000E49                     B2D3            equ	3657	;# 
   619   000E4A                     B2D4            equ	3658	;# 
   620   000E4B                     B2D5            equ	3659	;# 
   621   000E4C                     B2D6            equ	3660	;# 
   622   000E4D                     B2D7            equ	3661	;# 
   623   000E4E                     CANSTAT_RO7     equ	3662	;# 
   624   000E4F                     CANCON_RO7      equ	3663	;# 
   625   000E50                     B3CON           equ	3664	;# 
   626   000E51                     B3SIDH          equ	3665	;# 
   627   000E52                     B3SIDL          equ	3666	;# 
   628   000E53                     B3EIDH          equ	3667	;# 
   629   000E54                     B3EIDL          equ	3668	;# 
   630   000E55                     B3DLC           equ	3669	;# 
   631   000E56                     B3D0            equ	3670	;# 
   632   000E57                     B3D1            equ	3671	;# 
   633   000E58                     B3D2            equ	3672	;# 
   634   000E59                     B3D3            equ	3673	;# 
   635   000E5A                     B3D4            equ	3674	;# 
   636   000E5B                     B3D5            equ	3675	;# 
   637   000E5C                     B3D6            equ	3676	;# 
   638   000E5D                     B3D7            equ	3677	;# 
   639   000E5E                     CANSTAT_RO6     equ	3678	;# 
   640   000E5F                     CANCON_RO6      equ	3679	;# 
   641   000E60                     B4CON           equ	3680	;# 
   642   000E61                     B4SIDH          equ	3681	;# 
   643   000E62                     B4SIDL          equ	3682	;# 
   644   000E63                     B4EIDH          equ	3683	;# 
   645   000E64                     B4EIDL          equ	3684	;# 
   646   000E65                     B4DLC           equ	3685	;# 
   647   000E66                     B4D0            equ	3686	;# 
   648   000E67                     B4D1            equ	3687	;# 
   649   000E68                     B4D2            equ	3688	;# 
   650   000E69                     B4D3            equ	3689	;# 
   651   000E6A                     B4D4            equ	3690	;# 
   652   000E6B                     B4D5            equ	3691	;# 
   653   000E6C                     B4D6            equ	3692	;# 
   654   000E6D                     B4D7            equ	3693	;# 
   655   000E6E                     CANSTAT_RO5     equ	3694	;# 
   656   000E6F                     CANCON_RO5      equ	3695	;# 
   657   000E70                     B5CON           equ	3696	;# 
   658   000E71                     B5SIDH          equ	3697	;# 
   659   000E72                     B5SIDL          equ	3698	;# 
   660   000E73                     B5EIDH          equ	3699	;# 
   661   000E74                     B5EIDL          equ	3700	;# 
   662   000E75                     B5DLC           equ	3701	;# 
   663   000E76                     B5D0            equ	3702	;# 
   664   000E77                     B5D1            equ	3703	;# 
   665   000E78                     B5D2            equ	3704	;# 
   666   000E79                     B5D3            equ	3705	;# 
   667   000E7A                     B5D4            equ	3706	;# 
   668   000E7B                     B5D5            equ	3707	;# 
   669   000E7C                     B5D6            equ	3708	;# 
   670   000E7D                     B5D7            equ	3709	;# 
   671   000E7E                     CANSTAT_RO4     equ	3710	;# 
   672   000E7F                     CANCON_RO4      equ	3711	;# 
   673   000F00                     RXF0SIDH        equ	3840	;# 
   674   000F01                     RXF0SIDL        equ	3841	;# 
   675   000F02                     RXF0EIDH        equ	3842	;# 
   676   000F03                     RXF0EIDL        equ	3843	;# 
   677   000F04                     RXF1SIDH        equ	3844	;# 
   678   000F05                     RXF1SIDL        equ	3845	;# 
   679   000F06                     RXF1EIDH        equ	3846	;# 
   680   000F07                     RXF1EIDL        equ	3847	;# 
   681   000F08                     RXF2SIDH        equ	3848	;# 
   682   000F09                     RXF2SIDL        equ	3849	;# 
   683   000F0A                     RXF2EIDH        equ	3850	;# 
   684   000F0B                     RXF2EIDL        equ	3851	;# 
   685   000F0C                     RXF3SIDH        equ	3852	;# 
   686   000F0D                     RXF3SIDL        equ	3853	;# 
   687   000F0E                     RXF3EIDH        equ	3854	;# 
   688   000F0F                     RXF3EIDL        equ	3855	;# 
   689   000F10                     RXF4SIDH        equ	3856	;# 
   690   000F11                     RXF4SIDL        equ	3857	;# 
   691   000F12                     RXF4EIDH        equ	3858	;# 
   692   000F13                     RXF4EIDL        equ	3859	;# 
   693   000F14                     RXF5SIDH        equ	3860	;# 
   694   000F15                     RXF5SIDL        equ	3861	;# 
   695   000F16                     RXF5EIDH        equ	3862	;# 
   696   000F17                     RXF5EIDL        equ	3863	;# 
   697   000F18                     RXM0SIDH        equ	3864	;# 
   698   000F19                     RXM0SIDL        equ	3865	;# 
   699   000F1A                     RXM0EIDH        equ	3866	;# 
   700   000F1B                     RXM0EIDL        equ	3867	;# 
   701   000F1C                     RXM1SIDH        equ	3868	;# 
   702   000F1D                     RXM1SIDL        equ	3869	;# 
   703   000F1E                     RXM1EIDH        equ	3870	;# 
   704   000F1F                     RXM1EIDL        equ	3871	;# 
   705   000F20                     TXB2CON         equ	3872	;# 
   706   000F21                     TXB2SIDH        equ	3873	;# 
   707   000F22                     TXB2SIDL        equ	3874	;# 
   708   000F23                     TXB2EIDH        equ	3875	;# 
   709   000F24                     TXB2EIDL        equ	3876	;# 
   710   000F25                     TXB2DLC         equ	3877	;# 
   711   000F26                     TXB2D0          equ	3878	;# 
   712   000F27                     TXB2D1          equ	3879	;# 
   713   000F28                     TXB2D2          equ	3880	;# 
   714   000F29                     TXB2D3          equ	3881	;# 
   715   000F2A                     TXB2D4          equ	3882	;# 
   716   000F2B                     TXB2D5          equ	3883	;# 
   717   000F2C                     TXB2D6          equ	3884	;# 
   718   000F2D                     TXB2D7          equ	3885	;# 
   719   000F2E                     CANSTAT_RO3     equ	3886	;# 
   720   000F2F                     CANCON_RO3      equ	3887	;# 
   721   000F30                     TXB1CON         equ	3888	;# 
   722   000F31                     TXB1SIDH        equ	3889	;# 
   723   000F32                     TXB1SIDL        equ	3890	;# 
   724   000F33                     TXB1EIDH        equ	3891	;# 
   725   000F34                     TXB1EIDL        equ	3892	;# 
   726   000F35                     TXB1DLC         equ	3893	;# 
   727   000F36                     TXB1D0          equ	3894	;# 
   728   000F37                     TXB1D1          equ	3895	;# 
   729   000F38                     TXB1D2          equ	3896	;# 
   730   000F39                     TXB1D3          equ	3897	;# 
   731   000F3A                     TXB1D4          equ	3898	;# 
   732   000F3B                     TXB1D5          equ	3899	;# 
   733   000F3C                     TXB1D6          equ	3900	;# 
   734   000F3D                     TXB1D7          equ	3901	;# 
   735   000F3E                     CANSTAT_RO2     equ	3902	;# 
   736   000F3F                     CANCON_RO2      equ	3903	;# 
   737   000F40                     TXB0CON         equ	3904	;# 
   738   000F41                     TXB0SIDH        equ	3905	;# 
   739   000F42                     TXB0SIDL        equ	3906	;# 
   740   000F43                     TXB0EIDH        equ	3907	;# 
   741   000F44                     TXB0EIDL        equ	3908	;# 
   742   000F45                     TXB0DLC         equ	3909	;# 
   743   000F46                     TXB0D0          equ	3910	;# 
   744   000F47                     TXB0D1          equ	3911	;# 
   745   000F48                     TXB0D2          equ	3912	;# 
   746   000F49                     TXB0D3          equ	3913	;# 
   747   000F4A                     TXB0D4          equ	3914	;# 
   748   000F4B                     TXB0D5          equ	3915	;# 
   749   000F4C                     TXB0D6          equ	3916	;# 
   750   000F4D                     TXB0D7          equ	3917	;# 
   751   000F4E                     CANSTAT_RO1     equ	3918	;# 
   752   000F4F                     CANCON_RO1      equ	3919	;# 
   753   000F50                     RXB1CON         equ	3920	;# 
   754   000F51                     RXB1SIDH        equ	3921	;# 
   755   000F52                     RXB1SIDL        equ	3922	;# 
   756   000F53                     RXB1EIDH        equ	3923	;# 
   757   000F54                     RXB1EIDL        equ	3924	;# 
   758   000F55                     RXB1DLC         equ	3925	;# 
   759   000F56                     RXB1D0          equ	3926	;# 
   760   000F57                     RXB1D1          equ	3927	;# 
   761   000F58                     RXB1D2          equ	3928	;# 
   762   000F59                     RXB1D3          equ	3929	;# 
   763   000F5A                     RXB1D4          equ	3930	;# 
   764   000F5B                     RXB1D5          equ	3931	;# 
   765   000F5C                     RXB1D6          equ	3932	;# 
   766   000F5D                     RXB1D7          equ	3933	;# 
   767   000F5E                     CANSTAT_RO0     equ	3934	;# 
   768   000F5F                     CANCON_RO0      equ	3935	;# 
   769   000F60                     RXB0CON         equ	3936	;# 
   770   000F61                     RXB0SIDH        equ	3937	;# 
   771   000F62                     RXB0SIDL        equ	3938	;# 
   772   000F63                     RXB0EIDH        equ	3939	;# 
   773   000F64                     RXB0EIDL        equ	3940	;# 
   774   000F65                     RXB0DLC         equ	3941	;# 
   775   000F66                     RXB0D0          equ	3942	;# 
   776   000F67                     RXB0D1          equ	3943	;# 
   777   000F68                     RXB0D2          equ	3944	;# 
   778   000F69                     RXB0D3          equ	3945	;# 
   779   000F6A                     RXB0D4          equ	3946	;# 
   780   000F6B                     RXB0D5          equ	3947	;# 
   781   000F6C                     RXB0D6          equ	3948	;# 
   782   000F6D                     RXB0D7          equ	3949	;# 
   783   000F6E                     CANSTAT         equ	3950	;# 
   784   000F6F                     CANCON          equ	3951	;# 
   785   000F70                     BRGCON1         equ	3952	;# 
   786   000F71                     BRGCON2         equ	3953	;# 
   787   000F72                     BRGCON3         equ	3954	;# 
   788   000F73                     CIOCON          equ	3955	;# 
   789   000F74                     COMSTAT         equ	3956	;# 
   790   000F75                     RXERRCNT        equ	3957	;# 
   791   000F76                     TXERRCNT        equ	3958	;# 
   792   000F77                     ECANCON         equ	3959	;# 
   793   000F80                     PORTA           equ	3968	;# 
   794   000F81                     PORTB           equ	3969	;# 
   795   000F82                     PORTC           equ	3970	;# 
   796   000F83                     PORTD           equ	3971	;# 
   797   000F84                     PORTE           equ	3972	;# 
   798   000F89                     LATA            equ	3977	;# 
   799   000F8A                     LATB            equ	3978	;# 
   800   000F8B                     LATC            equ	3979	;# 
   801   000F8C                     LATD            equ	3980	;# 
   802   000F8D                     LATE            equ	3981	;# 
   803   000F92                     TRISA           equ	3986	;# 
   804   000F92                     DDRA            equ	3986	;# 
   805   000F93                     TRISB           equ	3987	;# 
   806   000F93                     DDRB            equ	3987	;# 
   807   000F94                     TRISC           equ	3988	;# 
   808   000F94                     DDRC            equ	3988	;# 
   809   000F95                     TRISD           equ	3989	;# 
   810   000F95                     DDRD            equ	3989	;# 
   811   000F96                     TRISE           equ	3990	;# 
   812   000F96                     DDRE            equ	3990	;# 
   813   000F9B                     OSCTUNE         equ	3995	;# 
   814   000F9D                     PIE1            equ	3997	;# 
   815   000F9E                     PIR1            equ	3998	;# 
   816   000F9F                     IPR1            equ	3999	;# 
   817   000FA0                     PIE2            equ	4000	;# 
   818   000FA1                     PIR2            equ	4001	;# 
   819   000FA2                     IPR2            equ	4002	;# 
   820   000FA3                     PIE3            equ	4003	;# 
   821   000FA4                     PIR3            equ	4004	;# 
   822   000FA5                     IPR3            equ	4005	;# 
   823   000FA6                     EECON1          equ	4006	;# 
   824   000FA7                     EECON2          equ	4007	;# 
   825   000FA8                     EEDATA          equ	4008	;# 
   826   000FA9                     EEADR           equ	4009	;# 
   827   000FAA                     EEADRH          equ	4010	;# 
   828   000FAB                     RCSTA           equ	4011	;# 
   829   000FAB                     RCSTA1          equ	4011	;# 
   830   000FAC                     TXSTA           equ	4012	;# 
   831   000FAC                     TXSTA1          equ	4012	;# 
   832   000FAD                     TXREG           equ	4013	;# 
   833   000FAD                     TXREG1          equ	4013	;# 
   834   000FAE                     RCREG           equ	4014	;# 
   835   000FAE                     RCREG1          equ	4014	;# 
   836   000FAF                     SPBRG           equ	4015	;# 
   837   000FAF                     SPBRG1          equ	4015	;# 
   838   000FB0                     SPBRGH          equ	4016	;# 
   839   000FB1                     T3CON           equ	4017	;# 
   840   000FB2                     TMR3            equ	4018	;# 
   841   000FB2                     TMR3L           equ	4018	;# 
   842   000FB3                     TMR3H           equ	4019	;# 
   843   000FB4                     CMCON           equ	4020	;# 
   844   000FB5                     CVRCON          equ	4021	;# 
   845   000FB6                     ECCP1AS         equ	4022	;# 
   846   000FB7                     ECCP1DEL        equ	4023	;# 
   847   000FB8                     BAUDCON         equ	4024	;# 
   848   000FB8                     BAUDCTL         equ	4024	;# 
   849   000FBA                     ECCP1CON        equ	4026	;# 
   850   000FBB                     ECCPR1          equ	4027	;# 
   851   000FBB                     ECCPR1L         equ	4027	;# 
   852   000FBC                     ECCPR1H         equ	4028	;# 
   853   000FBD                     CCP1CON         equ	4029	;# 
   854   000FBE                     CCPR1           equ	4030	;# 
   855   000FBE                     CCPR1L          equ	4030	;# 
   856   000FBF                     CCPR1H          equ	4031	;# 
   857   000FC0                     ADCON2          equ	4032	;# 
   858   000FC1                     ADCON1          equ	4033	;# 
   859   000FC2                     ADCON0          equ	4034	;# 
   860   000FC3                     ADRES           equ	4035	;# 
   861   000FC3                     ADRESL          equ	4035	;# 
   862   000FC4                     ADRESH          equ	4036	;# 
   863   000FC5                     SSPCON2         equ	4037	;# 
   864   000FC6                     SSPCON1         equ	4038	;# 
   865   000FC7                     SSPSTAT         equ	4039	;# 
   866   000FC8                     SSPADD          equ	4040	;# 
   867   000FC9                     SSPBUF          equ	4041	;# 
   868   000FCA                     T2CON           equ	4042	;# 
   869   000FCB                     PR2             equ	4043	;# 
   870   000FCB                     MEMCON          equ	4043	;# 
   871   000FCC                     TMR2            equ	4044	;# 
   872   000FCD                     T1CON           equ	4045	;# 
   873   000FCE                     TMR1            equ	4046	;# 
   874   000FCE                     TMR1L           equ	4046	;# 
   875   000FCF                     TMR1H           equ	4047	;# 
   876   000FD0                     RCON            equ	4048	;# 
   877   000FD1                     WDTCON          equ	4049	;# 
   878   000FD2                     HLVDCON         equ	4050	;# 
   879   000FD2                     LVDCON          equ	4050	;# 
   880   000FD3                     OSCCON          equ	4051	;# 
   881   000FD5                     T0CON           equ	4053	;# 
   882   000FD6                     TMR0            equ	4054	;# 
   883   000FD6                     TMR0L           equ	4054	;# 
   884   000FD7                     TMR0H           equ	4055	;# 
   885   000FD8                     STATUS          equ	4056	;# 
   886   000FD9                     FSR2            equ	4057	;# 
   887   000FD9                     FSR2L           equ	4057	;# 
   888   000FDA                     FSR2H           equ	4058	;# 
   889   000FDB                     PLUSW2          equ	4059	;# 
   890   000FDC                     PREINC2         equ	4060	;# 
   891   000FDD                     POSTDEC2        equ	4061	;# 
   892   000FDE                     POSTINC2        equ	4062	;# 
   893   000FDF                     INDF2           equ	4063	;# 
   894   000FE0                     BSR             equ	4064	;# 
   895   000FE1                     FSR1            equ	4065	;# 
   896   000FE1                     FSR1L           equ	4065	;# 
   897   000FE2                     FSR1H           equ	4066	;# 
   898   000FE3                     PLUSW1          equ	4067	;# 
   899   000FE4                     PREINC1         equ	4068	;# 
   900   000FE5                     POSTDEC1        equ	4069	;# 
   901   000FE6                     POSTINC1        equ	4070	;# 
   902   000FE7                     INDF1           equ	4071	;# 
   903   000FE8                     WREG            equ	4072	;# 
   904   000FE9                     FSR0            equ	4073	;# 
   905   000FE9                     FSR0L           equ	4073	;# 
   906   000FEA                     FSR0H           equ	4074	;# 
   907   000FEB                     PLUSW0          equ	4075	;# 
   908   000FEC                     PREINC0         equ	4076	;# 
   909   000FED                     POSTDEC0        equ	4077	;# 
   910   000FEE                     POSTINC0        equ	4078	;# 
   911   000FEF                     INDF0           equ	4079	;# 
   912   000FF0                     INTCON3         equ	4080	;# 
   913   000FF1                     INTCON2         equ	4081	;# 
   914   000FF2                     INTCON          equ	4082	;# 
   915   000FF3                     PROD            equ	4083	;# 
   916   000FF3                     PRODL           equ	4083	;# 
   917   000FF4                     PRODH           equ	4084	;# 
   918   000FF5                     TABLAT          equ	4085	;# 
   919   000FF6                     TBLPTR          equ	4086	;# 
   920   000FF6                     TBLPTRL         equ	4086	;# 
   921   000FF7                     TBLPTRH         equ	4087	;# 
   922   000FF8                     TBLPTRU         equ	4088	;# 
   923   000FF9                     PCLAT           equ	4089	;# 
   924   000FF9                     PC              equ	4089	;# 
   925   000FF9                     PCL             equ	4089	;# 
   926   000FFA                     PCLATH          equ	4090	;# 
   927   000FFB                     PCLATU          equ	4091	;# 
   928   000FFC                     STKPTR          equ	4092	;# 
   929   000FFD                     TOS             equ	4093	;# 
   930   000FFD                     TOSL            equ	4093	;# 
   931   000FFE                     TOSH            equ	4094	;# 
   932   000FFF                     TOSU            equ	4095	;# 
   933   000D60                     RXF6SIDH        equ	3424	;# 
   934   000D61                     RXF6SIDL        equ	3425	;# 
   935   000D62                     RXF6EIDH        equ	3426	;# 
   936   000D63                     RXF6EIDL        equ	3427	;# 
   937   000D64                     RXF7SIDH        equ	3428	;# 
   938   000D65                     RXF7SIDL        equ	3429	;# 
   939   000D66                     RXF7EIDH        equ	3430	;# 
   940   000D67                     RXF7EIDL        equ	3431	;# 
   941   000D68                     RXF8SIDH        equ	3432	;# 
   942   000D69                     RXF8SIDL        equ	3433	;# 
   943   000D6A                     RXF8EIDH        equ	3434	;# 
   944   000D6B                     RXF8EIDL        equ	3435	;# 
   945   000D70                     RXF9SIDH        equ	3440	;# 
   946   000D71                     RXF9SIDL        equ	3441	;# 
   947   000D72                     RXF9EIDH        equ	3442	;# 
   948   000D73                     RXF9EIDL        equ	3443	;# 
   949   000D74                     RXF10SIDH       equ	3444	;# 
   950   000D75                     RXF10SIDL       equ	3445	;# 
   951   000D76                     RXF10EIDH       equ	3446	;# 
   952   000D77                     RXF10EIDL       equ	3447	;# 
   953   000D78                     RXF11SIDH       equ	3448	;# 
   954   000D79                     RXF11SIDL       equ	3449	;# 
   955   000D7A                     RXF11EIDH       equ	3450	;# 
   956   000D7B                     RXF11EIDL       equ	3451	;# 
   957   000D80                     RXF12SIDH       equ	3456	;# 
   958   000D81                     RXF12SIDL       equ	3457	;# 
   959   000D82                     RXF12EIDH       equ	3458	;# 
   960   000D83                     RXF12EIDL       equ	3459	;# 
   961   000D84                     RXF13SIDH       equ	3460	;# 
   962   000D85                     RXF13SIDL       equ	3461	;# 
   963   000D86                     RXF13EIDH       equ	3462	;# 
   964   000D87                     RXF13EIDL       equ	3463	;# 
   965   000D88                     RXF14SIDH       equ	3464	;# 
   966   000D89                     RXF14SIDL       equ	3465	;# 
   967   000D8A                     RXF14EIDH       equ	3466	;# 
   968   000D8B                     RXF14EIDL       equ	3467	;# 
   969   000D90                     RXF15SIDH       equ	3472	;# 
   970   000D91                     RXF15SIDL       equ	3473	;# 
   971   000D92                     RXF15EIDH       equ	3474	;# 
   972   000D93                     RXF15EIDL       equ	3475	;# 
   973   000DD4                     RXFCON0         equ	3540	;# 
   974   000DD5                     RXFCON1         equ	3541	;# 
   975   000DD8                     SDFLC           equ	3544	;# 
   976   000DE0                     RXFBCON0        equ	3552	;# 
   977   000DE1                     RXFBCON1        equ	3553	;# 
   978   000DE2                     RXFBCON2        equ	3554	;# 
   979   000DE3                     RXFBCON3        equ	3555	;# 
   980   000DE4                     RXFBCON4        equ	3556	;# 
   981   000DE5                     RXFBCON5        equ	3557	;# 
   982   000DE6                     RXFBCON6        equ	3558	;# 
   983   000DE7                     RXFBCON7        equ	3559	;# 
   984   000DF0                     MSEL0           equ	3568	;# 
   985   000DF1                     MSEL1           equ	3569	;# 
   986   000DF2                     MSEL2           equ	3570	;# 
   987   000DF3                     MSEL3           equ	3571	;# 
   988   000DF8                     BSEL0           equ	3576	;# 
   989   000DFA                     BIE0            equ	3578	;# 
   990   000DFC                     TXBIE           equ	3580	;# 
   991   000E20                     B0CON           equ	3616	;# 
   992   000E21                     B0SIDH          equ	3617	;# 
   993   000E22                     B0SIDL          equ	3618	;# 
   994   000E23                     B0EIDH          equ	3619	;# 
   995   000E24                     B0EIDL          equ	3620	;# 
   996   000E25                     B0DLC           equ	3621	;# 
   997   000E26                     B0D0            equ	3622	;# 
   998   000E27                     B0D1            equ	3623	;# 
   999   000E28                     B0D2            equ	3624	;# 
  1000   000E29                     B0D3            equ	3625	;# 
  1001   000E2A                     B0D4            equ	3626	;# 
  1002   000E2B                     B0D5            equ	3627	;# 
  1003   000E2C                     B0D6            equ	3628	;# 
  1004   000E2D                     B0D7            equ	3629	;# 
  1005   000E2E                     CANSTAT_RO9     equ	3630	;# 
  1006   000E2F                     CANCON_RO9      equ	3631	;# 
  1007   000E30                     B1CON           equ	3632	;# 
  1008   000E31                     B1SIDH          equ	3633	;# 
  1009   000E32                     B1SIDL          equ	3634	;# 
  1010   000E33                     B1EIDH          equ	3635	;# 
  1011   000E34                     B1EIDL          equ	3636	;# 
  1012   000E35                     B1DLC           equ	3637	;# 
  1013   000E36                     B1D0            equ	3638	;# 
  1014   000E37                     B1D1            equ	3639	;# 
  1015   000E38                     B1D2            equ	3640	;# 
  1016   000E39                     B1D3            equ	3641	;# 
  1017   000E3A                     B1D4            equ	3642	;# 
  1018   000E3B                     B1D5            equ	3643	;# 
  1019   000E3C                     B1D6            equ	3644	;# 
  1020   000E3D                     B1D7            equ	3645	;# 
  1021   000E3E                     CANSTAT_RO8     equ	3646	;# 
  1022   000E3F                     CANCON_RO8      equ	3647	;# 
  1023   000E40                     B2CON           equ	3648	;# 
  1024   000E41                     B2SIDH          equ	3649	;# 
  1025   000E42                     B2SIDL          equ	3650	;# 
  1026   000E43                     B2EIDH          equ	3651	;# 
  1027   000E44                     B2EIDL          equ	3652	;# 
  1028   000E45                     B2DLC           equ	3653	;# 
  1029   000E46                     B2D0            equ	3654	;# 
  1030   000E47                     B2D1            equ	3655	;# 
  1031   000E48                     B2D2            equ	3656	;# 
  1032   000E49                     B2D3            equ	3657	;# 
  1033   000E4A                     B2D4            equ	3658	;# 
  1034   000E4B                     B2D5            equ	3659	;# 
  1035   000E4C                     B2D6            equ	3660	;# 
  1036   000E4D                     B2D7            equ	3661	;# 
  1037   000E4E                     CANSTAT_RO7     equ	3662	;# 
  1038   000E4F                     CANCON_RO7      equ	3663	;# 
  1039   000E50                     B3CON           equ	3664	;# 
  1040   000E51                     B3SIDH          equ	3665	;# 
  1041   000E52                     B3SIDL          equ	3666	;# 
  1042   000E53                     B3EIDH          equ	3667	;# 
  1043   000E54                     B3EIDL          equ	3668	;# 
  1044   000E55                     B3DLC           equ	3669	;# 
  1045   000E56                     B3D0            equ	3670	;# 
  1046   000E57                     B3D1            equ	3671	;# 
  1047   000E58                     B3D2            equ	3672	;# 
  1048   000E59                     B3D3            equ	3673	;# 
  1049   000E5A                     B3D4            equ	3674	;# 
  1050   000E5B                     B3D5            equ	3675	;# 
  1051   000E5C                     B3D6            equ	3676	;# 
  1052   000E5D                     B3D7            equ	3677	;# 
  1053   000E5E                     CANSTAT_RO6     equ	3678	;# 
  1054   000E5F                     CANCON_RO6      equ	3679	;# 
  1055   000E60                     B4CON           equ	3680	;# 
  1056   000E61                     B4SIDH          equ	3681	;# 
  1057   000E62                     B4SIDL          equ	3682	;# 
  1058   000E63                     B4EIDH          equ	3683	;# 
  1059   000E64                     B4EIDL          equ	3684	;# 
  1060   000E65                     B4DLC           equ	3685	;# 
  1061   000E66                     B4D0            equ	3686	;# 
  1062   000E67                     B4D1            equ	3687	;# 
  1063   000E68                     B4D2            equ	3688	;# 
  1064   000E69                     B4D3            equ	3689	;# 
  1065   000E6A                     B4D4            equ	3690	;# 
  1066   000E6B                     B4D5            equ	3691	;# 
  1067   000E6C                     B4D6            equ	3692	;# 
  1068   000E6D                     B4D7            equ	3693	;# 
  1069   000E6E                     CANSTAT_RO5     equ	3694	;# 
  1070   000E6F                     CANCON_RO5      equ	3695	;# 
  1071   000E70                     B5CON           equ	3696	;# 
  1072   000E71                     B5SIDH          equ	3697	;# 
  1073   000E72                     B5SIDL          equ	3698	;# 
  1074   000E73                     B5EIDH          equ	3699	;# 
  1075   000E74                     B5EIDL          equ	3700	;# 
  1076   000E75                     B5DLC           equ	3701	;# 
  1077   000E76                     B5D0            equ	3702	;# 
  1078   000E77                     B5D1            equ	3703	;# 
  1079   000E78                     B5D2            equ	3704	;# 
  1080   000E79                     B5D3            equ	3705	;# 
  1081   000E7A                     B5D4            equ	3706	;# 
  1082   000E7B                     B5D5            equ	3707	;# 
  1083   000E7C                     B5D6            equ	3708	;# 
  1084   000E7D                     B5D7            equ	3709	;# 
  1085   000E7E                     CANSTAT_RO4     equ	3710	;# 
  1086   000E7F                     CANCON_RO4      equ	3711	;# 
  1087   000F00                     RXF0SIDH        equ	3840	;# 
  1088   000F01                     RXF0SIDL        equ	3841	;# 
  1089   000F02                     RXF0EIDH        equ	3842	;# 
  1090   000F03                     RXF0EIDL        equ	3843	;# 
  1091   000F04                     RXF1SIDH        equ	3844	;# 
  1092   000F05                     RXF1SIDL        equ	3845	;# 
  1093   000F06                     RXF1EIDH        equ	3846	;# 
  1094   000F07                     RXF1EIDL        equ	3847	;# 
  1095   000F08                     RXF2SIDH        equ	3848	;# 
  1096   000F09                     RXF2SIDL        equ	3849	;# 
  1097   000F0A                     RXF2EIDH        equ	3850	;# 
  1098   000F0B                     RXF2EIDL        equ	3851	;# 
  1099   000F0C                     RXF3SIDH        equ	3852	;# 
  1100   000F0D                     RXF3SIDL        equ	3853	;# 
  1101   000F0E                     RXF3EIDH        equ	3854	;# 
  1102   000F0F                     RXF3EIDL        equ	3855	;# 
  1103   000F10                     RXF4SIDH        equ	3856	;# 
  1104   000F11                     RXF4SIDL        equ	3857	;# 
  1105   000F12                     RXF4EIDH        equ	3858	;# 
  1106   000F13                     RXF4EIDL        equ	3859	;# 
  1107   000F14                     RXF5SIDH        equ	3860	;# 
  1108   000F15                     RXF5SIDL        equ	3861	;# 
  1109   000F16                     RXF5EIDH        equ	3862	;# 
  1110   000F17                     RXF5EIDL        equ	3863	;# 
  1111   000F18                     RXM0SIDH        equ	3864	;# 
  1112   000F19                     RXM0SIDL        equ	3865	;# 
  1113   000F1A                     RXM0EIDH        equ	3866	;# 
  1114   000F1B                     RXM0EIDL        equ	3867	;# 
  1115   000F1C                     RXM1SIDH        equ	3868	;# 
  1116   000F1D                     RXM1SIDL        equ	3869	;# 
  1117   000F1E                     RXM1EIDH        equ	3870	;# 
  1118   000F1F                     RXM1EIDL        equ	3871	;# 
  1119   000F20                     TXB2CON         equ	3872	;# 
  1120   000F21                     TXB2SIDH        equ	3873	;# 
  1121   000F22                     TXB2SIDL        equ	3874	;# 
  1122   000F23                     TXB2EIDH        equ	3875	;# 
  1123   000F24                     TXB2EIDL        equ	3876	;# 
  1124   000F25                     TXB2DLC         equ	3877	;# 
  1125   000F26                     TXB2D0          equ	3878	;# 
  1126   000F27                     TXB2D1          equ	3879	;# 
  1127   000F28                     TXB2D2          equ	3880	;# 
  1128   000F29                     TXB2D3          equ	3881	;# 
  1129   000F2A                     TXB2D4          equ	3882	;# 
  1130   000F2B                     TXB2D5          equ	3883	;# 
  1131   000F2C                     TXB2D6          equ	3884	;# 
  1132   000F2D                     TXB2D7          equ	3885	;# 
  1133   000F2E                     CANSTAT_RO3     equ	3886	;# 
  1134   000F2F                     CANCON_RO3      equ	3887	;# 
  1135   000F30                     TXB1CON         equ	3888	;# 
  1136   000F31                     TXB1SIDH        equ	3889	;# 
  1137   000F32                     TXB1SIDL        equ	3890	;# 
  1138   000F33                     TXB1EIDH        equ	3891	;# 
  1139   000F34                     TXB1EIDL        equ	3892	;# 
  1140   000F35                     TXB1DLC         equ	3893	;# 
  1141   000F36                     TXB1D0          equ	3894	;# 
  1142   000F37                     TXB1D1          equ	3895	;# 
  1143   000F38                     TXB1D2          equ	3896	;# 
  1144   000F39                     TXB1D3          equ	3897	;# 
  1145   000F3A                     TXB1D4          equ	3898	;# 
  1146   000F3B                     TXB1D5          equ	3899	;# 
  1147   000F3C                     TXB1D6          equ	3900	;# 
  1148   000F3D                     TXB1D7          equ	3901	;# 
  1149   000F3E                     CANSTAT_RO2     equ	3902	;# 
  1150   000F3F                     CANCON_RO2      equ	3903	;# 
  1151   000F40                     TXB0CON         equ	3904	;# 
  1152   000F41                     TXB0SIDH        equ	3905	;# 
  1153   000F42                     TXB0SIDL        equ	3906	;# 
  1154   000F43                     TXB0EIDH        equ	3907	;# 
  1155   000F44                     TXB0EIDL        equ	3908	;# 
  1156   000F45                     TXB0DLC         equ	3909	;# 
  1157   000F46                     TXB0D0          equ	3910	;# 
  1158   000F47                     TXB0D1          equ	3911	;# 
  1159   000F48                     TXB0D2          equ	3912	;# 
  1160   000F49                     TXB0D3          equ	3913	;# 
  1161   000F4A                     TXB0D4          equ	3914	;# 
  1162   000F4B                     TXB0D5          equ	3915	;# 
  1163   000F4C                     TXB0D6          equ	3916	;# 
  1164   000F4D                     TXB0D7          equ	3917	;# 
  1165   000F4E                     CANSTAT_RO1     equ	3918	;# 
  1166   000F4F                     CANCON_RO1      equ	3919	;# 
  1167   000F50                     RXB1CON         equ	3920	;# 
  1168   000F51                     RXB1SIDH        equ	3921	;# 
  1169   000F52                     RXB1SIDL        equ	3922	;# 
  1170   000F53                     RXB1EIDH        equ	3923	;# 
  1171   000F54                     RXB1EIDL        equ	3924	;# 
  1172   000F55                     RXB1DLC         equ	3925	;# 
  1173   000F56                     RXB1D0          equ	3926	;# 
  1174   000F57                     RXB1D1          equ	3927	;# 
  1175   000F58                     RXB1D2          equ	3928	;# 
  1176   000F59                     RXB1D3          equ	3929	;# 
  1177   000F5A                     RXB1D4          equ	3930	;# 
  1178   000F5B                     RXB1D5          equ	3931	;# 
  1179   000F5C                     RXB1D6          equ	3932	;# 
  1180   000F5D                     RXB1D7          equ	3933	;# 
  1181   000F5E                     CANSTAT_RO0     equ	3934	;# 
  1182   000F5F                     CANCON_RO0      equ	3935	;# 
  1183   000F60                     RXB0CON         equ	3936	;# 
  1184   000F61                     RXB0SIDH        equ	3937	;# 
  1185   000F62                     RXB0SIDL        equ	3938	;# 
  1186   000F63                     RXB0EIDH        equ	3939	;# 
  1187   000F64                     RXB0EIDL        equ	3940	;# 
  1188   000F65                     RXB0DLC         equ	3941	;# 
  1189   000F66                     RXB0D0          equ	3942	;# 
  1190   000F67                     RXB0D1          equ	3943	;# 
  1191   000F68                     RXB0D2          equ	3944	;# 
  1192   000F69                     RXB0D3          equ	3945	;# 
  1193   000F6A                     RXB0D4          equ	3946	;# 
  1194   000F6B                     RXB0D5          equ	3947	;# 
  1195   000F6C                     RXB0D6          equ	3948	;# 
  1196   000F6D                     RXB0D7          equ	3949	;# 
  1197   000F6E                     CANSTAT         equ	3950	;# 
  1198   000F6F                     CANCON          equ	3951	;# 
  1199   000F70                     BRGCON1         equ	3952	;# 
  1200   000F71                     BRGCON2         equ	3953	;# 
  1201   000F72                     BRGCON3         equ	3954	;# 
  1202   000F73                     CIOCON          equ	3955	;# 
  1203   000F74                     COMSTAT         equ	3956	;# 
  1204   000F75                     RXERRCNT        equ	3957	;# 
  1205   000F76                     TXERRCNT        equ	3958	;# 
  1206   000F77                     ECANCON         equ	3959	;# 
  1207   000F80                     PORTA           equ	3968	;# 
  1208   000F81                     PORTB           equ	3969	;# 
  1209   000F82                     PORTC           equ	3970	;# 
  1210   000F83                     PORTD           equ	3971	;# 
  1211   000F84                     PORTE           equ	3972	;# 
  1212   000F89                     LATA            equ	3977	;# 
  1213   000F8A                     LATB            equ	3978	;# 
  1214   000F8B                     LATC            equ	3979	;# 
  1215   000F8C                     LATD            equ	3980	;# 
  1216   000F8D                     LATE            equ	3981	;# 
  1217   000F92                     TRISA           equ	3986	;# 
  1218   000F92                     DDRA            equ	3986	;# 
  1219   000F93                     TRISB           equ	3987	;# 
  1220   000F93                     DDRB            equ	3987	;# 
  1221   000F94                     TRISC           equ	3988	;# 
  1222   000F94                     DDRC            equ	3988	;# 
  1223   000F95                     TRISD           equ	3989	;# 
  1224   000F95                     DDRD            equ	3989	;# 
  1225   000F96                     TRISE           equ	3990	;# 
  1226   000F96                     DDRE            equ	3990	;# 
  1227   000F9B                     OSCTUNE         equ	3995	;# 
  1228   000F9D                     PIE1            equ	3997	;# 
  1229   000F9E                     PIR1            equ	3998	;# 
  1230   000F9F                     IPR1            equ	3999	;# 
  1231   000FA0                     PIE2            equ	4000	;# 
  1232   000FA1                     PIR2            equ	4001	;# 
  1233   000FA2                     IPR2            equ	4002	;# 
  1234   000FA3                     PIE3            equ	4003	;# 
  1235   000FA4                     PIR3            equ	4004	;# 
  1236   000FA5                     IPR3            equ	4005	;# 
  1237   000FA6                     EECON1          equ	4006	;# 
  1238   000FA7                     EECON2          equ	4007	;# 
  1239   000FA8                     EEDATA          equ	4008	;# 
  1240   000FA9                     EEADR           equ	4009	;# 
  1241   000FAA                     EEADRH          equ	4010	;# 
  1242   000FAB                     RCSTA           equ	4011	;# 
  1243   000FAB                     RCSTA1          equ	4011	;# 
  1244   000FAC                     TXSTA           equ	4012	;# 
  1245   000FAC                     TXSTA1          equ	4012	;# 
  1246   000FAD                     TXREG           equ	4013	;# 
  1247   000FAD                     TXREG1          equ	4013	;# 
  1248   000FAE                     RCREG           equ	4014	;# 
  1249   000FAE                     RCREG1          equ	4014	;# 
  1250   000FAF                     SPBRG           equ	4015	;# 
  1251   000FAF                     SPBRG1          equ	4015	;# 
  1252   000FB0                     SPBRGH          equ	4016	;# 
  1253   000FB1                     T3CON           equ	4017	;# 
  1254   000FB2                     TMR3            equ	4018	;# 
  1255   000FB2                     TMR3L           equ	4018	;# 
  1256   000FB3                     TMR3H           equ	4019	;# 
  1257   000FB4                     CMCON           equ	4020	;# 
  1258   000FB5                     CVRCON          equ	4021	;# 
  1259   000FB6                     ECCP1AS         equ	4022	;# 
  1260   000FB7                     ECCP1DEL        equ	4023	;# 
  1261   000FB8                     BAUDCON         equ	4024	;# 
  1262   000FB8                     BAUDCTL         equ	4024	;# 
  1263   000FBA                     ECCP1CON        equ	4026	;# 
  1264   000FBB                     ECCPR1          equ	4027	;# 
  1265   000FBB                     ECCPR1L         equ	4027	;# 
  1266   000FBC                     ECCPR1H         equ	4028	;# 
  1267   000FBD                     CCP1CON         equ	4029	;# 
  1268   000FBE                     CCPR1           equ	4030	;# 
  1269   000FBE                     CCPR1L          equ	4030	;# 
  1270   000FBF                     CCPR1H          equ	4031	;# 
  1271   000FC0                     ADCON2          equ	4032	;# 
  1272   000FC1                     ADCON1          equ	4033	;# 
  1273   000FC2                     ADCON0          equ	4034	;# 
  1274   000FC3                     ADRES           equ	4035	;# 
  1275   000FC3                     ADRESL          equ	4035	;# 
  1276   000FC4                     ADRESH          equ	4036	;# 
  1277   000FC5                     SSPCON2         equ	4037	;# 
  1278   000FC6                     SSPCON1         equ	4038	;# 
  1279   000FC7                     SSPSTAT         equ	4039	;# 
  1280   000FC8                     SSPADD          equ	4040	;# 
  1281   000FC9                     SSPBUF          equ	4041	;# 
  1282   000FCA                     T2CON           equ	4042	;# 
  1283   000FCB                     PR2             equ	4043	;# 
  1284   000FCB                     MEMCON          equ	4043	;# 
  1285   000FCC                     TMR2            equ	4044	;# 
  1286   000FCD                     T1CON           equ	4045	;# 
  1287   000FCE                     TMR1            equ	4046	;# 
  1288   000FCE                     TMR1L           equ	4046	;# 
  1289   000FCF                     TMR1H           equ	4047	;# 
  1290   000FD0                     RCON            equ	4048	;# 
  1291   000FD1                     WDTCON          equ	4049	;# 
  1292   000FD2                     HLVDCON         equ	4050	;# 
  1293   000FD2                     LVDCON          equ	4050	;# 
  1294   000FD3                     OSCCON          equ	4051	;# 
  1295   000FD5                     T0CON           equ	4053	;# 
  1296   000FD6                     TMR0            equ	4054	;# 
  1297   000FD6                     TMR0L           equ	4054	;# 
  1298   000FD7                     TMR0H           equ	4055	;# 
  1299   000FD8                     STATUS          equ	4056	;# 
  1300   000FD9                     FSR2            equ	4057	;# 
  1301   000FD9                     FSR2L           equ	4057	;# 
  1302   000FDA                     FSR2H           equ	4058	;# 
  1303   000FDB                     PLUSW2          equ	4059	;# 
  1304   000FDC                     PREINC2         equ	4060	;# 
  1305   000FDD                     POSTDEC2        equ	4061	;# 
  1306   000FDE                     POSTINC2        equ	4062	;# 
  1307   000FDF                     INDF2           equ	4063	;# 
  1308   000FE0                     BSR             equ	4064	;# 
  1309   000FE1                     FSR1            equ	4065	;# 
  1310   000FE1                     FSR1L           equ	4065	;# 
  1311   000FE2                     FSR1H           equ	4066	;# 
  1312   000FE3                     PLUSW1          equ	4067	;# 
  1313   000FE4                     PREINC1         equ	4068	;# 
  1314   000FE5                     POSTDEC1        equ	4069	;# 
  1315   000FE6                     POSTINC1        equ	4070	;# 
  1316   000FE7                     INDF1           equ	4071	;# 
  1317   000FE8                     WREG            equ	4072	;# 
  1318   000FE9                     FSR0            equ	4073	;# 
  1319   000FE9                     FSR0L           equ	4073	;# 
  1320   000FEA                     FSR0H           equ	4074	;# 
  1321   000FEB                     PLUSW0          equ	4075	;# 
  1322   000FEC                     PREINC0         equ	4076	;# 
  1323   000FED                     POSTDEC0        equ	4077	;# 
  1324   000FEE                     POSTINC0        equ	4078	;# 
  1325   000FEF                     INDF0           equ	4079	;# 
  1326   000FF0                     INTCON3         equ	4080	;# 
  1327   000FF1                     INTCON2         equ	4081	;# 
  1328   000FF2                     INTCON          equ	4082	;# 
  1329   000FF3                     PROD            equ	4083	;# 
  1330   000FF3                     PRODL           equ	4083	;# 
  1331   000FF4                     PRODH           equ	4084	;# 
  1332   000FF5                     TABLAT          equ	4085	;# 
  1333   000FF6                     TBLPTR          equ	4086	;# 
  1334   000FF6                     TBLPTRL         equ	4086	;# 
  1335   000FF7                     TBLPTRH         equ	4087	;# 
  1336   000FF8                     TBLPTRU         equ	4088	;# 
  1337   000FF9                     PCLAT           equ	4089	;# 
  1338   000FF9                     PC              equ	4089	;# 
  1339   000FF9                     PCL             equ	4089	;# 
  1340   000FFA                     PCLATH          equ	4090	;# 
  1341   000FFB                     PCLATU          equ	4091	;# 
  1342   000FFC                     STKPTR          equ	4092	;# 
  1343   000FFD                     TOS             equ	4093	;# 
  1344   000FFD                     TOSL            equ	4093	;# 
  1345   000FFE                     TOSH            equ	4094	;# 
  1346   000FFF                     TOSU            equ	4095	;# 
  1347   000D60                     RXF6SIDH        equ	3424	;# 
  1348   000D61                     RXF6SIDL        equ	3425	;# 
  1349   000D62                     RXF6EIDH        equ	3426	;# 
  1350   000D63                     RXF6EIDL        equ	3427	;# 
  1351   000D64                     RXF7SIDH        equ	3428	;# 
  1352   000D65                     RXF7SIDL        equ	3429	;# 
  1353   000D66                     RXF7EIDH        equ	3430	;# 
  1354   000D67                     RXF7EIDL        equ	3431	;# 
  1355   000D68                     RXF8SIDH        equ	3432	;# 
  1356   000D69                     RXF8SIDL        equ	3433	;# 
  1357   000D6A                     RXF8EIDH        equ	3434	;# 
  1358   000D6B                     RXF8EIDL        equ	3435	;# 
  1359   000D70                     RXF9SIDH        equ	3440	;# 
  1360   000D71                     RXF9SIDL        equ	3441	;# 
  1361   000D72                     RXF9EIDH        equ	3442	;# 
  1362   000D73                     RXF9EIDL        equ	3443	;# 
  1363   000D74                     RXF10SIDH       equ	3444	;# 
  1364   000D75                     RXF10SIDL       equ	3445	;# 
  1365   000D76                     RXF10EIDH       equ	3446	;# 
  1366   000D77                     RXF10EIDL       equ	3447	;# 
  1367   000D78                     RXF11SIDH       equ	3448	;# 
  1368   000D79                     RXF11SIDL       equ	3449	;# 
  1369   000D7A                     RXF11EIDH       equ	3450	;# 
  1370   000D7B                     RXF11EIDL       equ	3451	;# 
  1371   000D80                     RXF12SIDH       equ	3456	;# 
  1372   000D81                     RXF12SIDL       equ	3457	;# 
  1373   000D82                     RXF12EIDH       equ	3458	;# 
  1374   000D83                     RXF12EIDL       equ	3459	;# 
  1375   000D84                     RXF13SIDH       equ	3460	;# 
  1376   000D85                     RXF13SIDL       equ	3461	;# 
  1377   000D86                     RXF13EIDH       equ	3462	;# 
  1378   000D87                     RXF13EIDL       equ	3463	;# 
  1379   000D88                     RXF14SIDH       equ	3464	;# 
  1380   000D89                     RXF14SIDL       equ	3465	;# 
  1381   000D8A                     RXF14EIDH       equ	3466	;# 
  1382   000D8B                     RXF14EIDL       equ	3467	;# 
  1383   000D90                     RXF15SIDH       equ	3472	;# 
  1384   000D91                     RXF15SIDL       equ	3473	;# 
  1385   000D92                     RXF15EIDH       equ	3474	;# 
  1386   000D93                     RXF15EIDL       equ	3475	;# 
  1387   000DD4                     RXFCON0         equ	3540	;# 
  1388   000DD5                     RXFCON1         equ	3541	;# 
  1389   000DD8                     SDFLC           equ	3544	;# 
  1390   000DE0                     RXFBCON0        equ	3552	;# 
  1391   000DE1                     RXFBCON1        equ	3553	;# 
  1392   000DE2                     RXFBCON2        equ	3554	;# 
  1393   000DE3                     RXFBCON3        equ	3555	;# 
  1394   000DE4                     RXFBCON4        equ	3556	;# 
  1395   000DE5                     RXFBCON5        equ	3557	;# 
  1396   000DE6                     RXFBCON6        equ	3558	;# 
  1397   000DE7                     RXFBCON7        equ	3559	;# 
  1398   000DF0                     MSEL0           equ	3568	;# 
  1399   000DF1                     MSEL1           equ	3569	;# 
  1400   000DF2                     MSEL2           equ	3570	;# 
  1401   000DF3                     MSEL3           equ	3571	;# 
  1402   000DF8                     BSEL0           equ	3576	;# 
  1403   000DFA                     BIE0            equ	3578	;# 
  1404   000DFC                     TXBIE           equ	3580	;# 
  1405   000E20                     B0CON           equ	3616	;# 
  1406   000E21                     B0SIDH          equ	3617	;# 
  1407   000E22                     B0SIDL          equ	3618	;# 
  1408   000E23                     B0EIDH          equ	3619	;# 
  1409   000E24                     B0EIDL          equ	3620	;# 
  1410   000E25                     B0DLC           equ	3621	;# 
  1411   000E26                     B0D0            equ	3622	;# 
  1412   000E27                     B0D1            equ	3623	;# 
  1413   000E28                     B0D2            equ	3624	;# 
  1414   000E29                     B0D3            equ	3625	;# 
  1415   000E2A                     B0D4            equ	3626	;# 
  1416   000E2B                     B0D5            equ	3627	;# 
  1417   000E2C                     B0D6            equ	3628	;# 
  1418   000E2D                     B0D7            equ	3629	;# 
  1419   000E2E                     CANSTAT_RO9     equ	3630	;# 
  1420   000E2F                     CANCON_RO9      equ	3631	;# 
  1421   000E30                     B1CON           equ	3632	;# 
  1422   000E31                     B1SIDH          equ	3633	;# 
  1423   000E32                     B1SIDL          equ	3634	;# 
  1424   000E33                     B1EIDH          equ	3635	;# 
  1425   000E34                     B1EIDL          equ	3636	;# 
  1426   000E35                     B1DLC           equ	3637	;# 
  1427   000E36                     B1D0            equ	3638	;# 
  1428   000E37                     B1D1            equ	3639	;# 
  1429   000E38                     B1D2            equ	3640	;# 
  1430   000E39                     B1D3            equ	3641	;# 
  1431   000E3A                     B1D4            equ	3642	;# 
  1432   000E3B                     B1D5            equ	3643	;# 
  1433   000E3C                     B1D6            equ	3644	;# 
  1434   000E3D                     B1D7            equ	3645	;# 
  1435   000E3E                     CANSTAT_RO8     equ	3646	;# 
  1436   000E3F                     CANCON_RO8      equ	3647	;# 
  1437   000E40                     B2CON           equ	3648	;# 
  1438   000E41                     B2SIDH          equ	3649	;# 
  1439   000E42                     B2SIDL          equ	3650	;# 
  1440   000E43                     B2EIDH          equ	3651	;# 
  1441   000E44                     B2EIDL          equ	3652	;# 
  1442   000E45                     B2DLC           equ	3653	;# 
  1443   000E46                     B2D0            equ	3654	;# 
  1444   000E47                     B2D1            equ	3655	;# 
  1445   000E48                     B2D2            equ	3656	;# 
  1446   000E49                     B2D3            equ	3657	;# 
  1447   000E4A                     B2D4            equ	3658	;# 
  1448   000E4B                     B2D5            equ	3659	;# 
  1449   000E4C                     B2D6            equ	3660	;# 
  1450   000E4D                     B2D7            equ	3661	;# 
  1451   000E4E                     CANSTAT_RO7     equ	3662	;# 
  1452   000E4F                     CANCON_RO7      equ	3663	;# 
  1453   000E50                     B3CON           equ	3664	;# 
  1454   000E51                     B3SIDH          equ	3665	;# 
  1455   000E52                     B3SIDL          equ	3666	;# 
  1456   000E53                     B3EIDH          equ	3667	;# 
  1457   000E54                     B3EIDL          equ	3668	;# 
  1458   000E55                     B3DLC           equ	3669	;# 
  1459   000E56                     B3D0            equ	3670	;# 
  1460   000E57                     B3D1            equ	3671	;# 
  1461   000E58                     B3D2            equ	3672	;# 
  1462   000E59                     B3D3            equ	3673	;# 
  1463   000E5A                     B3D4            equ	3674	;# 
  1464   000E5B                     B3D5            equ	3675	;# 
  1465   000E5C                     B3D6            equ	3676	;# 
  1466   000E5D                     B3D7            equ	3677	;# 
  1467   000E5E                     CANSTAT_RO6     equ	3678	;# 
  1468   000E5F                     CANCON_RO6      equ	3679	;# 
  1469   000E60                     B4CON           equ	3680	;# 
  1470   000E61                     B4SIDH          equ	3681	;# 
  1471   000E62                     B4SIDL          equ	3682	;# 
  1472   000E63                     B4EIDH          equ	3683	;# 
  1473   000E64                     B4EIDL          equ	3684	;# 
  1474   000E65                     B4DLC           equ	3685	;# 
  1475   000E66                     B4D0            equ	3686	;# 
  1476   000E67                     B4D1            equ	3687	;# 
  1477   000E68                     B4D2            equ	3688	;# 
  1478   000E69                     B4D3            equ	3689	;# 
  1479   000E6A                     B4D4            equ	3690	;# 
  1480   000E6B                     B4D5            equ	3691	;# 
  1481   000E6C                     B4D6            equ	3692	;# 
  1482   000E6D                     B4D7            equ	3693	;# 
  1483   000E6E                     CANSTAT_RO5     equ	3694	;# 
  1484   000E6F                     CANCON_RO5      equ	3695	;# 
  1485   000E70                     B5CON           equ	3696	;# 
  1486   000E71                     B5SIDH          equ	3697	;# 
  1487   000E72                     B5SIDL          equ	3698	;# 
  1488   000E73                     B5EIDH          equ	3699	;# 
  1489   000E74                     B5EIDL          equ	3700	;# 
  1490   000E75                     B5DLC           equ	3701	;# 
  1491   000E76                     B5D0            equ	3702	;# 
  1492   000E77                     B5D1            equ	3703	;# 
  1493   000E78                     B5D2            equ	3704	;# 
  1494   000E79                     B5D3            equ	3705	;# 
  1495   000E7A                     B5D4            equ	3706	;# 
  1496   000E7B                     B5D5            equ	3707	;# 
  1497   000E7C                     B5D6            equ	3708	;# 
  1498   000E7D                     B5D7            equ	3709	;# 
  1499   000E7E                     CANSTAT_RO4     equ	3710	;# 
  1500   000E7F                     CANCON_RO4      equ	3711	;# 
  1501   000F00                     RXF0SIDH        equ	3840	;# 
  1502   000F01                     RXF0SIDL        equ	3841	;# 
  1503   000F02                     RXF0EIDH        equ	3842	;# 
  1504   000F03                     RXF0EIDL        equ	3843	;# 
  1505   000F04                     RXF1SIDH        equ	3844	;# 
  1506   000F05                     RXF1SIDL        equ	3845	;# 
  1507   000F06                     RXF1EIDH        equ	3846	;# 
  1508   000F07                     RXF1EIDL        equ	3847	;# 
  1509   000F08                     RXF2SIDH        equ	3848	;# 
  1510   000F09                     RXF2SIDL        equ	3849	;# 
  1511   000F0A                     RXF2EIDH        equ	3850	;# 
  1512   000F0B                     RXF2EIDL        equ	3851	;# 
  1513   000F0C                     RXF3SIDH        equ	3852	;# 
  1514   000F0D                     RXF3SIDL        equ	3853	;# 
  1515   000F0E                     RXF3EIDH        equ	3854	;# 
  1516   000F0F                     RXF3EIDL        equ	3855	;# 
  1517   000F10                     RXF4SIDH        equ	3856	;# 
  1518   000F11                     RXF4SIDL        equ	3857	;# 
  1519   000F12                     RXF4EIDH        equ	3858	;# 
  1520   000F13                     RXF4EIDL        equ	3859	;# 
  1521   000F14                     RXF5SIDH        equ	3860	;# 
  1522   000F15                     RXF5SIDL        equ	3861	;# 
  1523   000F16                     RXF5EIDH        equ	3862	;# 
  1524   000F17                     RXF5EIDL        equ	3863	;# 
  1525   000F18                     RXM0SIDH        equ	3864	;# 
  1526   000F19                     RXM0SIDL        equ	3865	;# 
  1527   000F1A                     RXM0EIDH        equ	3866	;# 
  1528   000F1B                     RXM0EIDL        equ	3867	;# 
  1529   000F1C                     RXM1SIDH        equ	3868	;# 
  1530   000F1D                     RXM1SIDL        equ	3869	;# 
  1531   000F1E                     RXM1EIDH        equ	3870	;# 
  1532   000F1F                     RXM1EIDL        equ	3871	;# 
  1533   000F20                     TXB2CON         equ	3872	;# 
  1534   000F21                     TXB2SIDH        equ	3873	;# 
  1535   000F22                     TXB2SIDL        equ	3874	;# 
  1536   000F23                     TXB2EIDH        equ	3875	;# 
  1537   000F24                     TXB2EIDL        equ	3876	;# 
  1538   000F25                     TXB2DLC         equ	3877	;# 
  1539   000F26                     TXB2D0          equ	3878	;# 
  1540   000F27                     TXB2D1          equ	3879	;# 
  1541   000F28                     TXB2D2          equ	3880	;# 
  1542   000F29                     TXB2D3          equ	3881	;# 
  1543   000F2A                     TXB2D4          equ	3882	;# 
  1544   000F2B                     TXB2D5          equ	3883	;# 
  1545   000F2C                     TXB2D6          equ	3884	;# 
  1546   000F2D                     TXB2D7          equ	3885	;# 
  1547   000F2E                     CANSTAT_RO3     equ	3886	;# 
  1548   000F2F                     CANCON_RO3      equ	3887	;# 
  1549   000F30                     TXB1CON         equ	3888	;# 
  1550   000F31                     TXB1SIDH        equ	3889	;# 
  1551   000F32                     TXB1SIDL        equ	3890	;# 
  1552   000F33                     TXB1EIDH        equ	3891	;# 
  1553   000F34                     TXB1EIDL        equ	3892	;# 
  1554   000F35                     TXB1DLC         equ	3893	;# 
  1555   000F36                     TXB1D0          equ	3894	;# 
  1556   000F37                     TXB1D1          equ	3895	;# 
  1557   000F38                     TXB1D2          equ	3896	;# 
  1558   000F39                     TXB1D3          equ	3897	;# 
  1559   000F3A                     TXB1D4          equ	3898	;# 
  1560   000F3B                     TXB1D5          equ	3899	;# 
  1561   000F3C                     TXB1D6          equ	3900	;# 
  1562   000F3D                     TXB1D7          equ	3901	;# 
  1563   000F3E                     CANSTAT_RO2     equ	3902	;# 
  1564   000F3F                     CANCON_RO2      equ	3903	;# 
  1565   000F40                     TXB0CON         equ	3904	;# 
  1566   000F41                     TXB0SIDH        equ	3905	;# 
  1567   000F42                     TXB0SIDL        equ	3906	;# 
  1568   000F43                     TXB0EIDH        equ	3907	;# 
  1569   000F44                     TXB0EIDL        equ	3908	;# 
  1570   000F45                     TXB0DLC         equ	3909	;# 
  1571   000F46                     TXB0D0          equ	3910	;# 
  1572   000F47                     TXB0D1          equ	3911	;# 
  1573   000F48                     TXB0D2          equ	3912	;# 
  1574   000F49                     TXB0D3          equ	3913	;# 
  1575   000F4A                     TXB0D4          equ	3914	;# 
  1576   000F4B                     TXB0D5          equ	3915	;# 
  1577   000F4C                     TXB0D6          equ	3916	;# 
  1578   000F4D                     TXB0D7          equ	3917	;# 
  1579   000F4E                     CANSTAT_RO1     equ	3918	;# 
  1580   000F4F                     CANCON_RO1      equ	3919	;# 
  1581   000F50                     RXB1CON         equ	3920	;# 
  1582   000F51                     RXB1SIDH        equ	3921	;# 
  1583   000F52                     RXB1SIDL        equ	3922	;# 
  1584   000F53                     RXB1EIDH        equ	3923	;# 
  1585   000F54                     RXB1EIDL        equ	3924	;# 
  1586   000F55                     RXB1DLC         equ	3925	;# 
  1587   000F56                     RXB1D0          equ	3926	;# 
  1588   000F57                     RXB1D1          equ	3927	;# 
  1589   000F58                     RXB1D2          equ	3928	;# 
  1590   000F59                     RXB1D3          equ	3929	;# 
  1591   000F5A                     RXB1D4          equ	3930	;# 
  1592   000F5B                     RXB1D5          equ	3931	;# 
  1593   000F5C                     RXB1D6          equ	3932	;# 
  1594   000F5D                     RXB1D7          equ	3933	;# 
  1595   000F5E                     CANSTAT_RO0     equ	3934	;# 
  1596   000F5F                     CANCON_RO0      equ	3935	;# 
  1597   000F60                     RXB0CON         equ	3936	;# 
  1598   000F61                     RXB0SIDH        equ	3937	;# 
  1599   000F62                     RXB0SIDL        equ	3938	;# 
  1600   000F63                     RXB0EIDH        equ	3939	;# 
  1601   000F64                     RXB0EIDL        equ	3940	;# 
  1602   000F65                     RXB0DLC         equ	3941	;# 
  1603   000F66                     RXB0D0          equ	3942	;# 
  1604   000F67                     RXB0D1          equ	3943	;# 
  1605   000F68                     RXB0D2          equ	3944	;# 
  1606   000F69                     RXB0D3          equ	3945	;# 
  1607   000F6A                     RXB0D4          equ	3946	;# 
  1608   000F6B                     RXB0D5          equ	3947	;# 
  1609   000F6C                     RXB0D6          equ	3948	;# 
  1610   000F6D                     RXB0D7          equ	3949	;# 
  1611   000F6E                     CANSTAT         equ	3950	;# 
  1612   000F6F                     CANCON          equ	3951	;# 
  1613   000F70                     BRGCON1         equ	3952	;# 
  1614   000F71                     BRGCON2         equ	3953	;# 
  1615   000F72                     BRGCON3         equ	3954	;# 
  1616   000F73                     CIOCON          equ	3955	;# 
  1617   000F74                     COMSTAT         equ	3956	;# 
  1618   000F75                     RXERRCNT        equ	3957	;# 
  1619   000F76                     TXERRCNT        equ	3958	;# 
  1620   000F77                     ECANCON         equ	3959	;# 
  1621   000F80                     PORTA           equ	3968	;# 
  1622   000F81                     PORTB           equ	3969	;# 
  1623   000F82                     PORTC           equ	3970	;# 
  1624   000F83                     PORTD           equ	3971	;# 
  1625   000F84                     PORTE           equ	3972	;# 
  1626   000F89                     LATA            equ	3977	;# 
  1627   000F8A                     LATB            equ	3978	;# 
  1628   000F8B                     LATC            equ	3979	;# 
  1629   000F8C                     LATD            equ	3980	;# 
  1630   000F8D                     LATE            equ	3981	;# 
  1631   000F92                     TRISA           equ	3986	;# 
  1632   000F92                     DDRA            equ	3986	;# 
  1633   000F93                     TRISB           equ	3987	;# 
  1634   000F93                     DDRB            equ	3987	;# 
  1635   000F94                     TRISC           equ	3988	;# 
  1636   000F94                     DDRC            equ	3988	;# 
  1637   000F95                     TRISD           equ	3989	;# 
  1638   000F95                     DDRD            equ	3989	;# 
  1639   000F96                     TRISE           equ	3990	;# 
  1640   000F96                     DDRE            equ	3990	;# 
  1641   000F9B                     OSCTUNE         equ	3995	;# 
  1642   000F9D                     PIE1            equ	3997	;# 
  1643   000F9E                     PIR1            equ	3998	;# 
  1644   000F9F                     IPR1            equ	3999	;# 
  1645   000FA0                     PIE2            equ	4000	;# 
  1646   000FA1                     PIR2            equ	4001	;# 
  1647   000FA2                     IPR2            equ	4002	;# 
  1648   000FA3                     PIE3            equ	4003	;# 
  1649   000FA4                     PIR3            equ	4004	;# 
  1650   000FA5                     IPR3            equ	4005	;# 
  1651   000FA6                     EECON1          equ	4006	;# 
  1652   000FA7                     EECON2          equ	4007	;# 
  1653   000FA8                     EEDATA          equ	4008	;# 
  1654   000FA9                     EEADR           equ	4009	;# 
  1655   000FAA                     EEADRH          equ	4010	;# 
  1656   000FAB                     RCSTA           equ	4011	;# 
  1657   000FAB                     RCSTA1          equ	4011	;# 
  1658   000FAC                     TXSTA           equ	4012	;# 
  1659   000FAC                     TXSTA1          equ	4012	;# 
  1660   000FAD                     TXREG           equ	4013	;# 
  1661   000FAD                     TXREG1          equ	4013	;# 
  1662   000FAE                     RCREG           equ	4014	;# 
  1663   000FAE                     RCREG1          equ	4014	;# 
  1664   000FAF                     SPBRG           equ	4015	;# 
  1665   000FAF                     SPBRG1          equ	4015	;# 
  1666   000FB0                     SPBRGH          equ	4016	;# 
  1667   000FB1                     T3CON           equ	4017	;# 
  1668   000FB2                     TMR3            equ	4018	;# 
  1669   000FB2                     TMR3L           equ	4018	;# 
  1670   000FB3                     TMR3H           equ	4019	;# 
  1671   000FB4                     CMCON           equ	4020	;# 
  1672   000FB5                     CVRCON          equ	4021	;# 
  1673   000FB6                     ECCP1AS         equ	4022	;# 
  1674   000FB7                     ECCP1DEL        equ	4023	;# 
  1675   000FB8                     BAUDCON         equ	4024	;# 
  1676   000FB8                     BAUDCTL         equ	4024	;# 
  1677   000FBA                     ECCP1CON        equ	4026	;# 
  1678   000FBB                     ECCPR1          equ	4027	;# 
  1679   000FBB                     ECCPR1L         equ	4027	;# 
  1680   000FBC                     ECCPR1H         equ	4028	;# 
  1681   000FBD                     CCP1CON         equ	4029	;# 
  1682   000FBE                     CCPR1           equ	4030	;# 
  1683   000FBE                     CCPR1L          equ	4030	;# 
  1684   000FBF                     CCPR1H          equ	4031	;# 
  1685   000FC0                     ADCON2          equ	4032	;# 
  1686   000FC1                     ADCON1          equ	4033	;# 
  1687   000FC2                     ADCON0          equ	4034	;# 
  1688   000FC3                     ADRES           equ	4035	;# 
  1689   000FC3                     ADRESL          equ	4035	;# 
  1690   000FC4                     ADRESH          equ	4036	;# 
  1691   000FC5                     SSPCON2         equ	4037	;# 
  1692   000FC6                     SSPCON1         equ	4038	;# 
  1693   000FC7                     SSPSTAT         equ	4039	;# 
  1694   000FC8                     SSPADD          equ	4040	;# 
  1695   000FC9                     SSPBUF          equ	4041	;# 
  1696   000FCA                     T2CON           equ	4042	;# 
  1697   000FCB                     PR2             equ	4043	;# 
  1698   000FCB                     MEMCON          equ	4043	;# 
  1699   000FCC                     TMR2            equ	4044	;# 
  1700   000FCD                     T1CON           equ	4045	;# 
  1701   000FCE                     TMR1            equ	4046	;# 
  1702   000FCE                     TMR1L           equ	4046	;# 
  1703   000FCF                     TMR1H           equ	4047	;# 
  1704   000FD0                     RCON            equ	4048	;# 
  1705   000FD1                     WDTCON          equ	4049	;# 
  1706   000FD2                     HLVDCON         equ	4050	;# 
  1707   000FD2                     LVDCON          equ	4050	;# 
  1708   000FD3                     OSCCON          equ	4051	;# 
  1709   000FD5                     T0CON           equ	4053	;# 
  1710   000FD6                     TMR0            equ	4054	;# 
  1711   000FD6                     TMR0L           equ	4054	;# 
  1712   000FD7                     TMR0H           equ	4055	;# 
  1713   000FD8                     STATUS          equ	4056	;# 
  1714   000FD9                     FSR2            equ	4057	;# 
  1715   000FD9                     FSR2L           equ	4057	;# 
  1716   000FDA                     FSR2H           equ	4058	;# 
  1717   000FDB                     PLUSW2          equ	4059	;# 
  1718   000FDC                     PREINC2         equ	4060	;# 
  1719   000FDD                     POSTDEC2        equ	4061	;# 
  1720   000FDE                     POSTINC2        equ	4062	;# 
  1721   000FDF                     INDF2           equ	4063	;# 
  1722   000FE0                     BSR             equ	4064	;# 
  1723   000FE1                     FSR1            equ	4065	;# 
  1724   000FE1                     FSR1L           equ	4065	;# 
  1725   000FE2                     FSR1H           equ	4066	;# 
  1726   000FE3                     PLUSW1          equ	4067	;# 
  1727   000FE4                     PREINC1         equ	4068	;# 
  1728   000FE5                     POSTDEC1        equ	4069	;# 
  1729   000FE6                     POSTINC1        equ	4070	;# 
  1730   000FE7                     INDF1           equ	4071	;# 
  1731   000FE8                     WREG            equ	4072	;# 
  1732   000FE9                     FSR0            equ	4073	;# 
  1733   000FE9                     FSR0L           equ	4073	;# 
  1734   000FEA                     FSR0H           equ	4074	;# 
  1735   000FEB                     PLUSW0          equ	4075	;# 
  1736   000FEC                     PREINC0         equ	4076	;# 
  1737   000FED                     POSTDEC0        equ	4077	;# 
  1738   000FEE                     POSTINC0        equ	4078	;# 
  1739   000FEF                     INDF0           equ	4079	;# 
  1740   000FF0                     INTCON3         equ	4080	;# 
  1741   000FF1                     INTCON2         equ	4081	;# 
  1742   000FF2                     INTCON          equ	4082	;# 
  1743   000FF3                     PROD            equ	4083	;# 
  1744   000FF3                     PRODL           equ	4083	;# 
  1745   000FF4                     PRODH           equ	4084	;# 
  1746   000FF5                     TABLAT          equ	4085	;# 
  1747   000FF6                     TBLPTR          equ	4086	;# 
  1748   000FF6                     TBLPTRL         equ	4086	;# 
  1749   000FF7                     TBLPTRH         equ	4087	;# 
  1750   000FF8                     TBLPTRU         equ	4088	;# 
  1751   000FF9                     PCLAT           equ	4089	;# 
  1752   000FF9                     PC              equ	4089	;# 
  1753   000FF9                     PCL             equ	4089	;# 
  1754   000FFA                     PCLATH          equ	4090	;# 
  1755   000FFB                     PCLATU          equ	4091	;# 
  1756   000FFC                     STKPTR          equ	4092	;# 
  1757   000FFD                     TOS             equ	4093	;# 
  1758   000FFD                     TOSL            equ	4093	;# 
  1759   000FFE                     TOSH            equ	4094	;# 
  1760   000FFF                     TOSU            equ	4095	;# 
  1761                           
  1762                           	psect	idataCOMRAM
  1763   001CC8                     __pidataCOMRAM:
  1764                           	callstack 0
  1765                           
  1766                           ;initializer for _rtc
  1767   001CC8  00                 	db	0
  1768   001CC9  00                 	db	0
  1769   001CCA  0C                 	db	12
  1770   001CCB  07                 	db	7
  1771   001CCC  09                 	db	9
  1772   001CCD  07EA               	dw	2026
  1773   000FAD                     _TXREG          set	4013
  1774   000FAF                     _SPBRG          set	4015
  1775   000FB8                     _BAUDCONbits    set	4024
  1776   000FAC                     _TXSTAbits      set	4012
  1777   000F94                     _TRISCbits      set	3988
  1778   000FA7                     _EECON2         set	4007
  1779   000FA6                     _EECON1bits     set	4006
  1780   000FA8                     _EEDATA         set	4008
  1781   000FA9                     _EEADR          set	4009
  1782   000FAA                     _EEADRH         set	4010
  1783   000F81                     _PORTBbits      set	3969
  1784   000F9D                     _PIE1bits       set	3997
  1785   000FD6                     _TMR0L          set	4054
  1786   000FD7                     _TMR0H          set	4055
  1787   000FD5                     _T0CON          set	4053
  1788   000F89                     _LATAbits       set	3977
  1789   000F92                     _TRISAbits      set	3986
  1790   000F93                     _TRISBbits      set	3987
  1791   000FC1                     _ADCON1         set	4033
  1792   000FAB                     _RCSTAbits      set	4011
  1793   000FAE                     _RCREG          set	4014
  1794   000F9E                     _PIR1bits       set	3998
  1795   000FF2                     _INTCONbits     set	4082
  1796                           
  1797                           	psect	smallconst
  1798   001000                     __psmallconst:
  1799                           	callstack 0
  1800   001000  00                 	db	0
  1801   001001  45                 	db	69	;'E'
  1802   001002  76                 	db	118	;'v'
  1803   001003  65                 	db	101	;'e'
  1804   001004  6E                 	db	110	;'n'
  1805   001005  74                 	db	116	;'t'
  1806   001006  6F                 	db	111	;'o'
  1807   001007  20                 	db	32
  1808   001008  6E                 	db	110	;'n'
  1809   001009  6F                 	db	111	;'o'
  1810   00100A  20                 	db	32
  1811   00100B  65                 	db	101	;'e'
  1812   00100C  6E                 	db	110	;'n'
  1813   00100D  64                 	db	100	;'d'
  1814   00100E  20                 	db	32
  1815   00100F  25                 	db	37
  1816   001010  30                 	db	48	;'0'
  1817   001011  33                 	db	51	;'3'
  1818   001012  58                 	db	88	;'X'
  1819   001013  3A                 	db	58	;':'
  1820   001014  20                 	db	32
  1821   001015  25                 	db	37
  1822   001016  30                 	db	48	;'0'
  1823   001017  32                 	db	50	;'2'
  1824   001018  64                 	db	100	;'d'
  1825   001019  2F                 	db	47
  1826   00101A  25                 	db	37
  1827   00101B  30                 	db	48	;'0'
  1828   00101C  32                 	db	50	;'2'
  1829   00101D  64                 	db	100	;'d'
  1830   00101E  2F                 	db	47
  1831   00101F  25                 	db	37
  1832   001020  30                 	db	48	;'0'
  1833   001021  34                 	db	52	;'4'
  1834   001022  64                 	db	100	;'d'
  1835   001023  20                 	db	32
  1836   001024  25                 	db	37
  1837   001025  30                 	db	48	;'0'
  1838   001026  32                 	db	50	;'2'
  1839   001027  64                 	db	100	;'d'
  1840   001028  3A                 	db	58	;':'
  1841   001029  25                 	db	37
  1842   00102A  30                 	db	48	;'0'
  1843   00102B  32                 	db	50	;'2'
  1844   00102C  64                 	db	100	;'d'
  1845   00102D  3A                 	db	58	;':'
  1846   00102E  25                 	db	37
  1847   00102F  30                 	db	48	;'0'
  1848   001030  32                 	db	50	;'2'
  1849   001031  64                 	db	100	;'d'
  1850   001032  20                 	db	32
  1851   001033  7C                 	db	124
  1852   001034  20                 	db	32
  1853   001035  44                 	db	68	;'D'
  1854   001036  75                 	db	117	;'u'
  1855   001037  72                 	db	114	;'r'
  1856   001038  61                 	db	97	;'a'
  1857   001039  63                 	db	99	;'c'
  1858   00103A  61                 	db	97	;'a'
  1859   00103B  6F                 	db	111	;'o'
  1860   00103C  3A                 	db	58	;':'
  1861   00103D  20                 	db	32
  1862   00103E  25                 	db	37
  1863   00103F  75                 	db	117	;'u'
  1864   001040  20                 	db	32
  1865   001041  73                 	db	115	;'s'
  1866   001042  65                 	db	101	;'e'
  1867   001043  67                 	db	103	;'g'
  1868   001044  0D                 	db	13
  1869   001045  0A                 	db	10
  1870   001046  00                 	db	0
  1871   001047  3E                 	db	62	;'>'
  1872   001048  3E                 	db	62	;'>'
  1873   001049  20                 	db	32
  1874   00104A  41                 	db	65	;'A'
  1875   00104B  20                 	db	32
  1876   00104C  45                 	db	69	;'E'
  1877   00104D  45                 	db	69	;'E'
  1878   00104E  50                 	db	80	;'P'
  1879   00104F  52                 	db	82	;'R'
  1880   001050  4F                 	db	79	;'O'
  1881   001051  4D                 	db	77	;'M'
  1882   001052  20                 	db	32
  1883   001053  65                 	db	101	;'e'
  1884   001054  73                 	db	115	;'s'
  1885   001055  74                 	db	116	;'t'
  1886   001056  61                 	db	97	;'a'
  1887   001057  20                 	db	32
  1888   001058  76                 	db	118	;'v'
  1889   001059  61                 	db	97	;'a'
  1890   00105A  7A                 	db	122	;'z'
  1891   00105B  69                 	db	105	;'i'
  1892   00105C  61                 	db	97	;'a'
  1893   00105D  2E                 	db	46
  1894   00105E  20                 	db	32
  1895   00105F  4E                 	db	78	;'N'
  1896   001060  65                 	db	101	;'e'
  1897   001061  6E                 	db	110	;'n'
  1898   001062  68                 	db	104	;'h'
  1899   001063  75                 	db	117	;'u'
  1900   001064  6D                 	db	109	;'m'
  1901   001065  20                 	db	32
  1902   001066  65                 	db	101	;'e'
  1903   001067  76                 	db	118	;'v'
  1904   001068  65                 	db	101	;'e'
  1905   001069  6E                 	db	110	;'n'
  1906   00106A  74                 	db	116	;'t'
  1907   00106B  6F                 	db	111	;'o'
  1908   00106C  20                 	db	32
  1909   00106D  72                 	db	114	;'r'
  1910   00106E  65                 	db	101	;'e'
  1911   00106F  67                 	db	103	;'g'
  1912   001070  69                 	db	105	;'i'
  1913   001071  73                 	db	115	;'s'
  1914   001072  74                 	db	116	;'t'
  1915   001073  72                 	db	114	;'r'
  1916   001074  61                 	db	97	;'a'
  1917   001075  64                 	db	100	;'d'
  1918   001076  6F                 	db	111	;'o'
  1919   001077  2E                 	db	46
  1920   001078  0D                 	db	13
  1921   001079  0A                 	db	10
  1922   00107A  00                 	db	0
  1923   00107B  0D                 	db	13
  1924   00107C  0A                 	db	10
  1925   00107D  2D                 	db	45
  1926   00107E  2D                 	db	45
  1927   00107F  2D                 	db	45
  1928   001080  20                 	db	32
  1929   001081  49                 	db	73	;'I'
  1930   001082  4E                 	db	78	;'N'
  1931   001083  49                 	db	73	;'I'
  1932   001084  43                 	db	67	;'C'
  1933   001085  49                 	db	73	;'I'
  1934   001086  4F                 	db	79	;'O'
  1935   001087  20                 	db	32
  1936   001088  44                 	db	68	;'D'
  1937   001089  41                 	db	65	;'A'
  1938   00108A  20                 	db	32
  1939   00108B  4C                 	db	76	;'L'
  1940   00108C  45                 	db	69	;'E'
  1941   00108D  49                 	db	73	;'I'
  1942   00108E  54                 	db	84	;'T'
  1943   00108F  55                 	db	85	;'U'
  1944   001090  52                 	db	82	;'R'
  1945   001091  41                 	db	65	;'A'
  1946   001092  20                 	db	32
  1947   001093  44                 	db	68	;'D'
  1948   001094  41                 	db	65	;'A'
  1949   001095  20                 	db	32
  1950   001096  45                 	db	69	;'E'
  1951   001097  45                 	db	69	;'E'
  1952   001098  50                 	db	80	;'P'
  1953   001099  52                 	db	82	;'R'
  1954   00109A  4F                 	db	79	;'O'
  1955   00109B  4D                 	db	77	;'M'
  1956   00109C  20                 	db	32
  1957   00109D  2D                 	db	45
  1958   00109E  2D                 	db	45
  1959   00109F  2D                 	db	45
  1960   0010A0  0D                 	db	13
  1961   0010A1  0A                 	db	10
  1962   0010A2  00                 	db	0
  1963   0010A3  2D                 	db	45
  1964   0010A4  2D                 	db	45
  1965   0010A5  2D                 	db	45
  1966   0010A6  20                 	db	32
  1967   0010A7  46                 	db	70	;'F'
  1968   0010A8  49                 	db	73	;'I'
  1969   0010A9  4D                 	db	77	;'M'
  1970   0010AA  20                 	db	32
  1971   0010AB  44                 	db	68	;'D'
  1972   0010AC  41                 	db	65	;'A'
  1973   0010AD  20                 	db	32
  1974   0010AE  4C                 	db	76	;'L'
  1975   0010AF  45                 	db	69	;'E'
  1976   0010B0  49                 	db	73	;'I'
  1977   0010B1  54                 	db	84	;'T'
  1978   0010B2  55                 	db	85	;'U'
  1979   0010B3  52                 	db	82	;'R'
  1980   0010B4  41                 	db	65	;'A'
  1981   0010B5  20                 	db	32
  1982   0010B6  2D                 	db	45
  1983   0010B7  2D                 	db	45
  1984   0010B8  2D                 	db	45
  1985   0010B9  0D                 	db	13
  1986   0010BA  0A                 	db	10
  1987   0010BB  00                 	db	0
  1988   0010BC  00                 	db	0	; dummy byte at the end
  1989   001000                     __smallconst    set	__psmallconst
  1990   001000                     __mediumconst   set	__psmallconst
  1991   000002                     __activetblptr  equ	2
  1992                           
  1993                           ; #config settings
  1994                           
  1995                           	psect	cinit
  1996   001C1C                     __pcinit:
  1997                           	callstack 0
  1998   001C1C                     start_initialization:
  1999                           	callstack 0
  2000   001C1C                     __initialization:
  2001                           	callstack 0
  2002                           
  2003                           ; Initialize objects allocated to COMRAM (7 bytes)
  2004                           ; load TBLPTR registers with __pidataCOMRAM
  2005   001C1C  0EC8               	movlw	low __pidataCOMRAM
  2006   001C1E  6EF6               	movwf	tblptrl,c
  2007   001C20  0E1C               	movlw	high __pidataCOMRAM
  2008   001C22  6EF7               	movwf	tblptrh,c
  2009   001C24  0E00               	movlw	low (__pidataCOMRAM shr (0+16))
  2010   001C26  6EF8               	movwf	tblptru,c
  2011   001C28  EE00  F04B         	lfsr	0,__pdataCOMRAM
  2012   001C2C  EE10 F007          	lfsr	1,7
  2013   001C30                     copy_data0:
  2014   001C30  0009               	tblrd		*+
  2015   001C32  CFF5 FFEE          	movff	tablat,postinc0
  2016   001C36  50E5               	movf	postdec1,w,c
  2017   001C38  50E1               	movf	fsr1l,w,c
  2018   001C3A  E1FA               	bnz	copy_data0
  2019                           
  2020                           ; Clear objects allocated to BANK1 (64 bytes)
  2021   001C3C  EE01  F000         	lfsr	0,__pbssBANK1
  2022   001C40  0E40               	movlw	64
  2023   001C42                     clear_0:
  2024   001C42  6AEE               	clrf	postinc0,c
  2025   001C44  06E8               	decf	wreg,f,c
  2026   001C46  E1FD               	bnz	clear_0
  2027                           
  2028                           ; Clear objects allocated to BANK0 (40 bytes)
  2029   001C48  EE00  F0C8         	lfsr	0,__pbssBANK0
  2030   001C4C  0E28               	movlw	40
  2031   001C4E                     clear_1:
  2032   001C4E  6AEE               	clrf	postinc0,c
  2033   001C50  06E8               	decf	wreg,f,c
  2034   001C52  E1FD               	bnz	clear_1
  2035                           
  2036                           ; Clear objects allocated to COMRAM (11 bytes)
  2037   001C54  EE00  F040         	lfsr	0,__pbssCOMRAM
  2038   001C58  0E0B               	movlw	11
  2039   001C5A                     clear_2:
  2040   001C5A  6AEE               	clrf	postinc0,c
  2041   001C5C  06E8               	decf	wreg,f,c
  2042   001C5E  E1FD               	bnz	clear_2
  2043   001C60                     end_of_initialization:
  2044                           	callstack 0
  2045   001C60                     __end_of__initialization:
  2046                           	callstack 0
  2047   001C60  9001               	bcf	int$flags,0,c	;clear compiler interrupt flag (level 1)
  2048   001C62  9201               	bcf	int$flags,1,c	;clear compiler interrupt flag (level 2)
  2049   001C64  0E00               	movlw	low (__Lmediumconst shr (0+16))
  2050   001C66  6EF8               	movwf	tblptru,c
  2051   001C68  0100               	movlb	0
  2052   001C6A  EFA0  F00A         	goto	_main	;jump to C main() function
  2053                           
  2054                           	psect	bssCOMRAM
  2055   000040                     __pbssCOMRAM:
  2056                           	callstack 0
  2057   000040                     _tempo_ms_total:
  2058                           	callstack 0
  2059   000040                     	ds	4
  2060   000044                     _endereco_eeprom:
  2061                           	callstack 0
  2062   000044                     	ds	2
  2063   000046                     _ms_contador:
  2064                           	callstack 0
  2065   000046                     	ds	2
  2066   000048                     _modbus_frame_ready:
  2067                           	callstack 0
  2068   000048                     	ds	1
  2069   000049                     _modbus_idle_timer:
  2070                           	callstack 0
  2071   000049                     	ds	1
  2072   00004A                     _modbus_rx_index:
  2073                           	callstack 0
  2074   00004A                     	ds	1
  2075                           
  2076                           	psect	dataCOMRAM
  2077   00004B                     __pdataCOMRAM:
  2078                           	callstack 0
  2079   00004B                     _rtc:
  2080                           	callstack 0
  2081   00004B                     	ds	7
  2082                           
  2083                           	psect	bssBANK0
  2084   0000C8                     __pbssBANK0:
  2085                           	callstack 0
  2086   0000C8                     _holding_registers:
  2087                           	callstack 0
  2088   0000C8                     	ds	40
  2089                           
  2090                           	psect	bssBANK1
  2091   000100                     __pbssBANK1:
  2092                           	callstack 0
  2093   000100                     _modbus_rx_buffer:
  2094                           	callstack 0
  2095   000100                     	ds	64
  2096                           
  2097                           	psect	cstackBANK0
  2098   000060                     __pcstackBANK0:
  2099                           	callstack 0
  2100   000060                     Modbus_ProcessFrame@tx_buffer:
  2101                           	callstack 0
  2102                           
  2103                           ; 64 bytes @ 0x0
  2104   000060                     	ds	64
  2105   0000A0                     Modbus_ProcessFrame@crc_rx:
  2106                           	callstack 0
  2107                           
  2108                           ; 2 bytes @ 0x40
  2109   0000A0                     	ds	2
  2110   0000A2                     Modbus_ProcessFrame@crc_calc:
  2111                           	callstack 0
  2112                           
  2113                           ; 2 bytes @ 0x42
  2114   0000A2                     	ds	2
  2115   0000A4                     Modbus_ProcessFrame@reg_value:
  2116                           	callstack 0
  2117                           
  2118                           ; 2 bytes @ 0x44
  2119   0000A4                     	ds	2
  2120   0000A6                     Modbus_ProcessFrame@tx_buffer_892:
  2121                           	callstack 0
  2122                           
  2123                           ; 8 bytes @ 0x46
  2124   0000A6                     	ds	8
  2125   0000AE                     Modbus_ProcessFrame@start_addr:
  2126                           	callstack 0
  2127                           
  2128                           ; 2 bytes @ 0x4E
  2129   0000AE                     	ds	2
  2130   0000B0                     Modbus_ProcessFrame@val:
  2131                           	callstack 0
  2132                           
  2133                           ; 2 bytes @ 0x50
  2134   0000B0                     	ds	2
  2135   0000B2                     Modbus_ProcessFrame@tx_crc:
  2136                           	callstack 0
  2137                           
  2138                           ; 2 bytes @ 0x52
  2139   0000B2                     	ds	2
  2140   0000B4                     Modbus_ProcessFrame@reg_addr:
  2141                           	callstack 0
  2142                           
  2143                           ; 2 bytes @ 0x54
  2144   0000B4                     	ds	2
  2145   0000B6                     Modbus_ProcessFrame@start_addr_888:
  2146                           	callstack 0
  2147                           
  2148                           ; 2 bytes @ 0x56
  2149   0000B6                     	ds	2
  2150   0000B8                     Modbus_ProcessFrame@num_regs_889:
  2151                           	callstack 0
  2152                           
  2153                           ; 2 bytes @ 0x58
  2154   0000B8                     	ds	2
  2155   0000BA                     Modbus_ProcessFrame@tx_crc_893:
  2156                           	callstack 0
  2157                           
  2158                           ; 2 bytes @ 0x5A
  2159   0000BA                     	ds	2
  2160   0000BC                     Modbus_ProcessFrame@i:
  2161                           	callstack 0
  2162                           
  2163                           ; 2 bytes @ 0x5C
  2164   0000BC                     	ds	2
  2165   0000BE                     Modbus_ProcessFrame@i_884:
  2166                           	callstack 0
  2167                           
  2168                           ; 2 bytes @ 0x5E
  2169   0000BE                     	ds	2
  2170   0000C0                     Modbus_ProcessFrame@i_891:
  2171                           	callstack 0
  2172                           
  2173                           ; 2 bytes @ 0x60
  2174   0000C0                     	ds	2
  2175   0000C2                     Modbus_ProcessFrame@i_887:
  2176                           	callstack 0
  2177                           
  2178                           ; 1 bytes @ 0x62
  2179   0000C2                     	ds	1
  2180   0000C3                     Modbus_ProcessFrame@data_idx:
  2181                           	callstack 0
  2182                           
  2183                           ; 1 bytes @ 0x63
  2184   0000C3                     	ds	1
  2185   0000C4                     Modbus_ProcessFrame@num_regs:
  2186                           	callstack 0
  2187                           
  2188                           ; 2 bytes @ 0x64
  2189   0000C4                     	ds	2
  2190   0000C6                     Modbus_ProcessFrame@i_894:
  2191                           	callstack 0
  2192                           
  2193                           ; 1 bytes @ 0x66
  2194   0000C6                     	ds	1
  2195   0000C7                     Modbus_ProcessFrame@tx_idx:
  2196                           	callstack 0
  2197                           
  2198                           ; 1 bytes @ 0x67
  2199   0000C7                     	ds	1
  2200                           
  2201                           	psect	cstackCOMRAM
  2202   000002                     __pcstackCOMRAM:
  2203                           	callstack 0
  2204   000002                     ??_ISR:
  2205                           
  2206                           ; 1 bytes @ 0x0
  2207   000002                     	ds	2
  2208   000004                     ISR@dado:
  2209                           	callstack 0
  2210                           
  2211                           ; 1 bytes @ 0x2
  2212   000004                     	ds	1
  2213   000005                     ?_Modbus_CRC16:
  2214                           	callstack 0
  2215   000005                     ?___lmul:
  2216                           	callstack 0
  2217   000005                     ?___lldiv:
  2218                           	callstack 0
  2219   000005                     UART_Write@data:
  2220                           	callstack 0
  2221   000005                     EEPROM_WriteByte@endereco:
  2222                           	callstack 0
  2223   000005                     Modbus_CRC16@buf:
  2224                           	callstack 0
  2225   000005                     ___lmul@multiplier:
  2226                           	callstack 0
  2227   000005                     ___lldiv@dividend:
  2228                           	callstack 0
  2229   000005                     
  2230                           ; 1 bytes @ 0x3
  2231   000005                     	ds	2
  2232   000007                     EEPROM_WriteByte@dado:
  2233                           	callstack 0
  2234   000007                     Modbus_CRC16@len:
  2235                           	callstack 0
  2236                           
  2237                           ; 1 bytes @ 0x5
  2238   000007                     	ds	1
  2239   000008                     EEPROM_WriteByte@gie_state:
  2240                           	callstack 0
  2241   000008                     ??_Modbus_CRC16:
  2242                           
  2243                           ; 1 bytes @ 0x6
  2244   000008                     	ds	1
  2245   000009                     Modbus_CRC16@i:
  2246                           	callstack 0
  2247   000009                     ___lmul@multiplicand:
  2248                           	callstack 0
  2249   000009                     ___lldiv@divisor:
  2250                           	callstack 0
  2251                           
  2252                           ; 4 bytes @ 0x7
  2253   000009                     	ds	2
  2254   00000B                     Modbus_CRC16@pos:
  2255                           	callstack 0
  2256                           
  2257                           ; 1 bytes @ 0x9
  2258   00000B                     	ds	1
  2259   00000C                     Modbus_CRC16@crc:
  2260                           	callstack 0
  2261                           
  2262                           ; 2 bytes @ 0xA
  2263   00000C                     	ds	1
  2264   00000D                     ___lmul@product:
  2265                           	callstack 0
  2266   00000D                     ___lldiv@quotient:
  2267                           	callstack 0
  2268   00000D                     
  2269                           ; 1 bytes @ 0xB
  2270   00000D                     	ds	1
  2271   00000E                     Modbus_ProcessFrame@frame:
  2272                           	callstack 0
  2273                           
  2274                           ; 2 bytes @ 0xC
  2275   00000E                     	ds	2
  2276   000010                     Modbus_ProcessFrame@len:
  2277                           	callstack 0
  2278                           
  2279                           ; 1 bytes @ 0xE
  2280   000010                     	ds	1
  2281   000011                     ___lldiv@counter:
  2282                           	callstack 0
  2283   000011                     ??_Modbus_ProcessFrame:
  2284                           
  2285                           ; 1 bytes @ 0xF
  2286   000011                     	ds	1
  2287   000012                     UART_Init@baud_rate:
  2288                           	callstack 0
  2289   000012                     salvar_evento_eeprom@inicio:
  2290                           	callstack 0
  2291                           
  2292                           ; 7 bytes @ 0x10
  2293   000012                     	ds	4
  2294   000016                     ??_UART_Init:
  2295                           
  2296                           ; 1 bytes @ 0x14
  2297   000016                     	ds	3
  2298   000019                     salvar_evento_eeprom@duracao_ms:
  2299                           	callstack 0
  2300                           
  2301                           ; 4 bytes @ 0x17
  2302   000019                     	ds	1
  2303   00001A                     UART_Init@spbrg_val:
  2304                           	callstack 0
  2305                           
  2306                           ; 4 bytes @ 0x18
  2307   00001A                     	ds	3
  2308   00001D                     salvar_evento_eeprom@duracao_sec:
  2309                           	callstack 0
  2310   00001D                     
  2311                           ; 1 bytes @ 0x1B
  2312   00001D                     	ds	2
  2313   00001F                     ??_main:
  2314                           
  2315                           ; 1 bytes @ 0x1D
  2316   00001F                     	ds	12
  2317   00002B                     main@ms_fim_evento:
  2318                           	callstack 0
  2319                           
  2320                           ; 4 bytes @ 0x29
  2321   00002B                     	ds	4
  2322   00002F                     main@ms_inicio_evento:
  2323                           	callstack 0
  2324                           
  2325                           ; 4 bytes @ 0x2D
  2326   00002F                     	ds	4
  2327   000033                     main@duracao_total:
  2328                           	callstack 0
  2329                           
  2330                           ; 4 bytes @ 0x31
  2331   000033                     	ds	4
  2332   000037                     main@estado_anterior:
  2333                           	callstack 0
  2334                           
  2335                           ; 1 bytes @ 0x35
  2336   000037                     	ds	1
  2337   000038                     main@estado_atual:
  2338                           	callstack 0
  2339                           
  2340                           ; 1 bytes @ 0x36
  2341   000038                     	ds	1
  2342   000039                     main@momento_inicio:
  2343                           	callstack 0
  2344                           
  2345                           ; 7 bytes @ 0x37
  2346   000039                     	ds	7
  2347                           
  2348 ;;
  2349 ;;Main: autosize = 0, tempsize = 12, incstack = 0, save=0
  2350 ;;
  2351 ;; *************** function _main *****************
  2352 ;; Defined at:
  2353 ;;		line 52 in file "main.c"
  2354 ;; Parameters:    Size  Location     Type
  2355 ;;		None
  2356 ;; Auto vars:     Size  Location     Type
  2357 ;;  duracao_tota    4   49[COMRAM] unsigned long 
  2358 ;;  ms_fim_event    4   41[COMRAM] unsigned long 
  2359 ;;  estado_atual    1   54[COMRAM] unsigned char 
  2360 ;;  momento_inic    7   55[COMRAM] struct .
  2361 ;;  ms_inicio_ev    4   45[COMRAM] unsigned long 
  2362 ;;  estado_anter    1   53[COMRAM] unsigned char 
  2363 ;; Return value:  Size  Location     Type
  2364 ;;                  1    wreg      void 
  2365 ;; Registers used:
  2366 ;;		wreg, fsr0l, fsr0h, fsr1l, fsr1h, fsr2l, fsr2h, status,2, status,0, prodl, prodh, cstack
  2367 ;; Tracked objects:
  2368 ;;		On entry : 0/0
  2369 ;;		On exit  : 0/0
  2370 ;;		Unchanged: 0/0
  2371 ;; Data sizes:     COMRAM   BANK0   BANK1   BANK2   BANK3   BANK4   BANK5   BANK6   BANK7   BANK8   BANK9  BANK10  BANK1
      +1  BANK12
  2372 ;;      Params:         0       0       0       0       0       0       0       0       0       0       0       0       
      +0       0
  2373 ;;      Locals:        21       0       0       0       0       0       0       0       0       0       0       0       
      +0       0
  2374 ;;      Temps:         12       0       0       0       0       0       0       0       0       0       0       0       
      +0       0
  2375 ;;      Totals:        33       0       0       0       0       0       0       0       0       0       0       0       
      +0       0
  2376 ;;Total ram usage:       33 bytes
  2377 ;; Hardware stack levels required when called: 4
  2378 ;; This function calls:
  2379 ;;		_Modbus_ProcessFrame
  2380 ;;		_UART_Init
  2381 ;;		___lldiv
  2382 ;;		___lmul
  2383 ;;		_salvar_evento_eeprom
  2384 ;; This function is called by:
  2385 ;;		Startup code after reset
  2386 ;; This function uses a non-reentrant model
  2387 ;;
  2388                           
  2389                           	psect	text0
  2390   001540                     __ptext0:
  2391                           	callstack 0
  2392   001540                     _main:
  2393                           	callstack 27
  2394   001540                     
  2395                           ;main.c: 54:     ADCON1 = 0x0F;
  2396   001540  0E0F               	movlw	15
  2397   001542  6EC1               	movwf	193,c	;volatile
  2398   001544                     
  2399                           ;main.c: 55:     TRISBbits.TRISB0 = 1;
  2400   001544  8093               	bsf	147,0,c	;volatile
  2401   001546                     
  2402                           ;main.c: 56:     TRISAbits.TRISA0 = 0;
  2403   001546  9092               	bcf	146,0,c	;volatile
  2404   001548                     
  2405                           ;main.c: 57:     LATAbits.LATA0 = 0;
  2406   001548  9089               	bcf	137,0,c	;volatile
  2407   00154A                     
  2408                           ;main.c: 60:     UART_Init(9600);
  2409   00154A  0E80               	movlw	128
  2410   00154C  6E12               	movwf	UART_Init@baud_rate^0,c
  2411   00154E  0E25               	movlw	37
  2412   001550  6E13               	movwf	(UART_Init@baud_rate+1)^0,c
  2413   001552  0E00               	movlw	0
  2414   001554  6E14               	movwf	(UART_Init@baud_rate+2)^0,c
  2415   001556  0E00               	movlw	0
  2416   001558  6E15               	movwf	(UART_Init@baud_rate+3)^0,c
  2417   00155A  EC9F  F00D         	call	_UART_Init	;wreg free
  2418   00155E                     
  2419                           ;main.c: 63:     T0CON = 0b10001000;
  2420   00155E  0E88               	movlw	136
  2421   001560  6ED5               	movwf	213,c	;volatile
  2422   001562                     
  2423                           ;main.c: 64:     TMR0H = 0xEC;
  2424   001562  0EEC               	movlw	236
  2425   001564  6ED7               	movwf	215,c	;volatile
  2426   001566                     
  2427                           ;main.c: 65:     TMR0L = 0x78;
  2428   001566  0E78               	movlw	120
  2429   001568  6ED6               	movwf	214,c	;volatile
  2430   00156A                     
  2431                           ;main.c: 68:     INTCONbits.TMR0IF = 0;
  2432   00156A  94F2               	bcf	242,2,c	;volatile
  2433   00156C                     
  2434                           ;main.c: 69:     INTCONbits.TMR0IE = 1;
  2435   00156C  8AF2               	bsf	242,5,c	;volatile
  2436   00156E                     
  2437                           ;main.c: 71:     PIE1bits.RCIE = 1;
  2438   00156E  8A9D               	bsf	157,5,c	;volatile
  2439   001570                     
  2440                           ;main.c: 72:     INTCONbits.PEIE = 1;
  2441   001570  8CF2               	bsf	242,6,c	;volatile
  2442   001572                     
  2443                           ;main.c: 73:     INTCONbits.GIE = 1;
  2444   001572  8EF2               	bsf	242,7,c	;volatile
  2445   001574                     
  2446                           ;main.c: 75:     uint8_t estado_anterior = 0;
  2447   001574  6A37               	clrf	main@estado_anterior^0,c
  2448   001576                     
  2449                           ;main.c: 76:     RealTimeClock momento_inicio;;main.c: 77:     uint32_t ms_inicio_evento
      +                           = 0;
  2450   001576  0E00               	movlw	0
  2451   001578  6E2F               	movwf	main@ms_inicio_evento^0,c
  2452   00157A  0E00               	movlw	0
  2453   00157C  6E30               	movwf	(main@ms_inicio_evento+1)^0,c
  2454   00157E  0E00               	movlw	0
  2455   001580  6E31               	movwf	(main@ms_inicio_evento+2)^0,c
  2456   001582  0E00               	movlw	0
  2457   001584  6E32               	movwf	(main@ms_inicio_evento+3)^0,c
  2458   001586                     
  2459                           ;main.c: 78:     holding_registers[16] = 0;
  2460   001586  0100               	movlb	0	; () banked
  2461   001588  6BE9               	clrf	(_holding_registers+33)& (0+255),b
  2462   00158A  0E00               	movlw	0
  2463   00158C  6FE8               	movwf	(_holding_registers+32)& (0+255),b
  2464   00158E                     l2144:
  2465                           
  2466                           ;main.c: 81:         if (holding_registers[16] == 1) {
  2467   00158E  0100               	movlb	0	; () banked
  2468   001590  05E8               	decf	(_holding_registers+32)& (0+255),w,b
  2469   001592  11E9               	iorwf	(_holding_registers+33)& (0+255),w,b
  2470   001594  A4D8               	btfss	status,2,c
  2471   001596  EFCF  F00A         	goto	u1291
  2472   00159A  EFD1  F00A         	goto	u1290
  2473   00159E                     u1291:
  2474   00159E  EFE4  F00A         	goto	l2152
  2475   0015A2                     u1290:
  2476   0015A2                     
  2477                           ; BSR set to: 0
  2478                           ;main.c: 83:             INTCONbits.TMR0IE = 0;
  2479   0015A2  9AF2               	bcf	242,5,c	;volatile
  2480                           
  2481                           ;main.c: 86:             rtc.ano = (uint16_t)holding_registers[10];
  2482   0015A4  C0DC  F050         	movff	_holding_registers+20,_rtc+5	;volatile
  2483   0015A8  C0DD  F051         	movff	_holding_registers+21,_rtc+6	;volatile
  2484                           
  2485                           ;main.c: 87:             rtc.mes = (uint8_t)holding_registers[11];
  2486   0015AC  C0DE  F04F         	movff	_holding_registers+22,_rtc+4	;volatile
  2487                           
  2488                           ;main.c: 88:             rtc.dia = (uint8_t)holding_registers[12];
  2489   0015B0  C0E0  F04E         	movff	_holding_registers+24,_rtc+3	;volatile
  2490                           
  2491                           ;main.c: 89:             rtc.hora = (uint8_t)holding_registers[13];
  2492   0015B4  C0E2  F04D         	movff	_holding_registers+26,_rtc+2	;volatile
  2493                           
  2494                           ;main.c: 90:             rtc.minuto = (uint8_t)holding_registers[14];
  2495   0015B8  C0E4  F04C         	movff	_holding_registers+28,_rtc+1	;volatile
  2496                           
  2497                           ;main.c: 91:             rtc.segundo = (uint8_t)holding_registers[15];
  2498   0015BC  C0E6  F04B         	movff	_holding_registers+30,_rtc	;volatile
  2499   0015C0                     
  2500                           ; BSR set to: 0
  2501                           ;main.c: 94:             holding_registers[16] = 0;
  2502   0015C0  6BE9               	clrf	(_holding_registers+33)& (0+255),b
  2503   0015C2  0E00               	movlw	0
  2504   0015C4  6FE8               	movwf	(_holding_registers+32)& (0+255),b
  2505   0015C6                     
  2506                           ; BSR set to: 0
  2507                           ;main.c: 97:             INTCONbits.TMR0IE = 1;
  2508   0015C6  8AF2               	bsf	242,5,c	;volatile
  2509   0015C8                     l2152:
  2510                           
  2511                           ; BSR set to: 0
  2512                           ;main.c: 100:         uint8_t estado_atual = PORTBbits.RB0;
  2513   0015C8  0E00               	movlw	0
  2514   0015CA  B081               	btfsc	129,0,c	;volatile
  2515   0015CC  0E01               	movlw	1
  2516   0015CE  6E38               	movwf	main@estado_atual^0,c
  2517   0015D0                     
  2518                           ; BSR set to: 0
  2519                           ;main.c: 101:         holding_registers[0] = estado_atual;
  2520   0015D0  C038  F0C8         	movff	main@estado_atual,_holding_registers
  2521   0015D4  6BC9               	clrf	(_holding_registers+1)& (0+255),b
  2522   0015D6                     
  2523                           ; BSR set to: 0
  2524                           ;main.c: 104:         if (estado_atual == 1 && estado_anterior == 0) {
  2525   0015D6  0438               	decf	main@estado_atual^0,w,c
  2526   0015D8  A4D8               	btfss	status,2,c
  2527   0015DA  EFF1  F00A         	goto	u1301
  2528   0015DE  EFF3  F00A         	goto	u1300
  2529   0015E2                     u1301:
  2530   0015E2  EF6E  F00B         	goto	l2170
  2531   0015E6                     u1300:
  2532   0015E6                     
  2533                           ; BSR set to: 0
  2534   0015E6  5037               	movf	main@estado_anterior^0,w,c
  2535   0015E8  A4D8               	btfss	status,2,c
  2536   0015EA  EFF9  F00A         	goto	u1311
  2537   0015EE  EFFB  F00A         	goto	u1310
  2538   0015F2                     u1311:
  2539   0015F2  EF6E  F00B         	goto	l2170
  2540   0015F6                     u1310:
  2541   0015F6                     
  2542                           ; BSR set to: 0
  2543                           ;main.c: 105:             _delay((unsigned long)((20)*(20000000/4000.0)));
  2544   0015F6  0E82               	movlw	130
  2545   0015F8  6E1F               	movwf	??_main^0,c
  2546   0015FA  0EDE               	movlw	222
  2547   0015FC                     u1397:
  2548   0015FC  2EE8               	decfsz	wreg,f,c
  2549   0015FE  D7FE               	bra	u1397
  2550   001600  2E1F               	decfsz	??_main^0,f,c
  2551   001602  D7FC               	bra	u1397
  2552   001604                     
  2553                           ;main.c: 106:             if (PORTBbits.RB0 == 1) {
  2554   001604  A081               	btfss	129,0,c	;volatile
  2555   001606  EF07  F00B         	goto	u1321
  2556   00160A  EF09  F00B         	goto	u1320
  2557   00160E                     u1321:
  2558   00160E  EF2F  F00C         	goto	l2196
  2559   001612                     u1320:
  2560   001612                     
  2561                           ;main.c: 107:                 momento_inicio = rtc;
  2562   001612  EE20  F04B         	lfsr	2,_rtc	;volatile
  2563   001616  EE10  F039         	lfsr	1,main@momento_inicio
  2564   00161A  0E06               	movlw	6
  2565   00161C                     u1331:
  2566   00161C  CFDB FFE3          	movff	plusw2,plusw1
  2567   001620  06E8               	decf	wreg,f,c
  2568   001622  E2FC               	bc	u1331
  2569   001624                     
  2570                           ;main.c: 108:                 ms_inicio_evento = ((uint32_t)rtc.hora * 3600000) + ((uint
      +                          32_t)rtc.minuto * 60000) + ((uint32_t)rtc.segundo * 1000) + ms_contador;
  2571   001624  504D               	movf	(_rtc+2)^0,w,c	;volatile
  2572   001626  6E05               	movwf	___lmul@multiplier^0,c
  2573   001628  6A06               	clrf	(___lmul@multiplier+1)^0,c
  2574   00162A  6A07               	clrf	(___lmul@multiplier+2)^0,c
  2575   00162C  6A08               	clrf	(___lmul@multiplier+3)^0,c
  2576   00162E  0E80               	movlw	128
  2577   001630  6E09               	movwf	___lmul@multiplicand^0,c
  2578   001632  0EEE               	movlw	238
  2579   001634  6E0A               	movwf	(___lmul@multiplicand+1)^0,c
  2580   001636  0E36               	movlw	54
  2581   001638  6E0B               	movwf	(___lmul@multiplicand+2)^0,c
  2582   00163A  0E00               	movlw	0
  2583   00163C  6E0C               	movwf	(___lmul@multiplicand+3)^0,c
  2584   00163E  ECD9  F00D         	call	___lmul	;wreg free
  2585   001642  C005  F01F         	movff	?___lmul,??_main
  2586   001646  C006  F020         	movff	?___lmul+1,??_main+1
  2587   00164A  C007  F021         	movff	?___lmul+2,??_main+2
  2588   00164E  C008  F022         	movff	?___lmul+3,??_main+3
  2589   001652  504C               	movf	(_rtc+1)^0,w,c	;volatile
  2590   001654  6E05               	movwf	___lmul@multiplier^0,c
  2591   001656  6A06               	clrf	(___lmul@multiplier+1)^0,c
  2592   001658  6A07               	clrf	(___lmul@multiplier+2)^0,c
  2593   00165A  6A08               	clrf	(___lmul@multiplier+3)^0,c
  2594   00165C  0E60               	movlw	96
  2595   00165E  6E09               	movwf	___lmul@multiplicand^0,c
  2596   001660  0EEA               	movlw	234
  2597   001662  6E0A               	movwf	(___lmul@multiplicand+1)^0,c
  2598   001664  0E00               	movlw	0
  2599   001666  6E0B               	movwf	(___lmul@multiplicand+2)^0,c
  2600   001668  0E00               	movlw	0
  2601   00166A  6E0C               	movwf	(___lmul@multiplicand+3)^0,c
  2602   00166C  ECD9  F00D         	call	___lmul	;wreg free
  2603   001670  5005               	movf	?___lmul^0,w,c
  2604   001672  241F               	addwf	??_main^0,w,c
  2605   001674  6E23               	movwf	(??_main+4)^0,c
  2606   001676  5006               	movf	(?___lmul+1)^0,w,c
  2607   001678  2020               	addwfc	(??_main+1)^0,w,c
  2608   00167A  6E24               	movwf	(??_main+5)^0,c
  2609   00167C  5007               	movf	(?___lmul+2)^0,w,c
  2610   00167E  2021               	addwfc	(??_main+2)^0,w,c
  2611   001680  6E25               	movwf	(??_main+6)^0,c
  2612   001682  5008               	movf	(?___lmul+3)^0,w,c
  2613   001684  2022               	addwfc	(??_main+3)^0,w,c
  2614   001686  6E26               	movwf	(??_main+7)^0,c
  2615   001688  504B               	movf	_rtc^0,w,c	;volatile
  2616   00168A  6E05               	movwf	___lmul@multiplier^0,c
  2617   00168C  6A06               	clrf	(___lmul@multiplier+1)^0,c
  2618   00168E  6A07               	clrf	(___lmul@multiplier+2)^0,c
  2619   001690  6A08               	clrf	(___lmul@multiplier+3)^0,c
  2620   001692  0EE8               	movlw	232
  2621   001694  6E09               	movwf	___lmul@multiplicand^0,c
  2622   001696  0E03               	movlw	3
  2623   001698  6E0A               	movwf	(___lmul@multiplicand+1)^0,c
  2624   00169A  0E00               	movlw	0
  2625   00169C  6E0B               	movwf	(___lmul@multiplicand+2)^0,c
  2626   00169E  0E00               	movlw	0
  2627   0016A0  6E0C               	movwf	(___lmul@multiplicand+3)^0,c
  2628   0016A2  ECD9  F00D         	call	___lmul	;wreg free
  2629   0016A6  5005               	movf	?___lmul^0,w,c
  2630   0016A8  2423               	addwf	(??_main+4)^0,w,c
  2631   0016AA  6E27               	movwf	(??_main+8)^0,c
  2632   0016AC  5006               	movf	(?___lmul+1)^0,w,c
  2633   0016AE  2024               	addwfc	(??_main+5)^0,w,c
  2634   0016B0  6E28               	movwf	(??_main+9)^0,c
  2635   0016B2  5007               	movf	(?___lmul+2)^0,w,c
  2636   0016B4  2025               	addwfc	(??_main+6)^0,w,c
  2637   0016B6  6E29               	movwf	(??_main+10)^0,c
  2638   0016B8  5008               	movf	(?___lmul+3)^0,w,c
  2639   0016BA  2026               	addwfc	(??_main+7)^0,w,c
  2640   0016BC  6E2A               	movwf	(??_main+11)^0,c
  2641   0016BE  5046               	movf	_ms_contador^0,w,c	;volatile
  2642   0016C0  2427               	addwf	(??_main+8)^0,w,c
  2643   0016C2  6E2F               	movwf	main@ms_inicio_evento^0,c
  2644   0016C4  5047               	movf	(_ms_contador+1)^0,w,c	;volatile
  2645   0016C6  2028               	addwfc	(??_main+9)^0,w,c
  2646   0016C8  6E30               	movwf	(main@ms_inicio_evento+1)^0,c
  2647   0016CA  0E00               	movlw	0
  2648   0016CC  2029               	addwfc	(??_main+10)^0,w,c
  2649   0016CE  6E31               	movwf	(main@ms_inicio_evento+2)^0,c
  2650   0016D0  0E00               	movlw	0
  2651   0016D2  202A               	addwfc	(??_main+11)^0,w,c
  2652   0016D4  6E32               	movwf	(main@ms_inicio_evento+3)^0,c
  2653   0016D6                     
  2654                           ;main.c: 109:                 LATAbits.LATA0 = 1;
  2655   0016D6  8089               	bsf	137,0,c	;volatile
  2656   0016D8  EF2F  F00C         	goto	l2196
  2657   0016DC                     l2170:
  2658                           
  2659                           ; BSR set to: 0
  2660   0016DC  5038               	movf	main@estado_atual^0,w,c
  2661   0016DE  A4D8               	btfss	status,2,c
  2662   0016E0  EF74  F00B         	goto	u1341
  2663   0016E4  EF76  F00B         	goto	u1340
  2664   0016E8                     u1341:
  2665   0016E8  EF2F  F00C         	goto	l2196
  2666   0016EC                     u1340:
  2667   0016EC                     
  2668                           ; BSR set to: 0
  2669   0016EC  0437               	decf	main@estado_anterior^0,w,c
  2670   0016EE  A4D8               	btfss	status,2,c
  2671   0016F0  EF7C  F00B         	goto	u1351
  2672   0016F4  EF7E  F00B         	goto	u1350
  2673   0016F8                     u1351:
  2674   0016F8  EF2F  F00C         	goto	l2196
  2675   0016FC                     u1350:
  2676   0016FC                     
  2677                           ; BSR set to: 0
  2678                           ;main.c: 115:             _delay((unsigned long)((20)*(20000000/4000.0)));
  2679   0016FC  0E82               	movlw	130
  2680   0016FE  6E1F               	movwf	??_main^0,c
  2681   001700  0EDE               	movlw	222
  2682   001702                     u1407:
  2683   001702  2EE8               	decfsz	wreg,f,c
  2684   001704  D7FE               	bra	u1407
  2685   001706  2E1F               	decfsz	??_main^0,f,c
  2686   001708  D7FC               	bra	u1407
  2687   00170A                     
  2688                           ;main.c: 116:             if (PORTBbits.RB0 == 0) {
  2689   00170A  B081               	btfsc	129,0,c	;volatile
  2690   00170C  EF8A  F00B         	goto	u1361
  2691   001710  EF8C  F00B         	goto	u1360
  2692   001714                     u1361:
  2693   001714  EF2F  F00C         	goto	l2196
  2694   001718                     u1360:
  2695   001718                     
  2696                           ;main.c: 117:                 uint32_t ms_fim_evento = ((uint32_t)rtc.hora * 3600000) + 
      +                          ((uint32_t)rtc.minuto * 60000) + ((uint32_t)rtc.segundo * 1000) + ms_contador;
  2697   001718  504D               	movf	(_rtc+2)^0,w,c	;volatile
  2698   00171A  6E05               	movwf	___lmul@multiplier^0,c
  2699   00171C  6A06               	clrf	(___lmul@multiplier+1)^0,c
  2700   00171E  6A07               	clrf	(___lmul@multiplier+2)^0,c
  2701   001720  6A08               	clrf	(___lmul@multiplier+3)^0,c
  2702   001722  0E80               	movlw	128
  2703   001724  6E09               	movwf	___lmul@multiplicand^0,c
  2704   001726  0EEE               	movlw	238
  2705   001728  6E0A               	movwf	(___lmul@multiplicand+1)^0,c
  2706   00172A  0E36               	movlw	54
  2707   00172C  6E0B               	movwf	(___lmul@multiplicand+2)^0,c
  2708   00172E  0E00               	movlw	0
  2709   001730  6E0C               	movwf	(___lmul@multiplicand+3)^0,c
  2710   001732  ECD9  F00D         	call	___lmul	;wreg free
  2711   001736  C005  F01F         	movff	?___lmul,??_main
  2712   00173A  C006  F020         	movff	?___lmul+1,??_main+1
  2713   00173E  C007  F021         	movff	?___lmul+2,??_main+2
  2714   001742  C008  F022         	movff	?___lmul+3,??_main+3
  2715   001746  504C               	movf	(_rtc+1)^0,w,c	;volatile
  2716   001748  6E05               	movwf	___lmul@multiplier^0,c
  2717   00174A  6A06               	clrf	(___lmul@multiplier+1)^0,c
  2718   00174C  6A07               	clrf	(___lmul@multiplier+2)^0,c
  2719   00174E  6A08               	clrf	(___lmul@multiplier+3)^0,c
  2720   001750  0E60               	movlw	96
  2721   001752  6E09               	movwf	___lmul@multiplicand^0,c
  2722   001754  0EEA               	movlw	234
  2723   001756  6E0A               	movwf	(___lmul@multiplicand+1)^0,c
  2724   001758  0E00               	movlw	0
  2725   00175A  6E0B               	movwf	(___lmul@multiplicand+2)^0,c
  2726   00175C  0E00               	movlw	0
  2727   00175E  6E0C               	movwf	(___lmul@multiplicand+3)^0,c
  2728   001760  ECD9  F00D         	call	___lmul	;wreg free
  2729   001764  5005               	movf	?___lmul^0,w,c
  2730   001766  241F               	addwf	??_main^0,w,c
  2731   001768  6E23               	movwf	(??_main+4)^0,c
  2732   00176A  5006               	movf	(?___lmul+1)^0,w,c
  2733   00176C  2020               	addwfc	(??_main+1)^0,w,c
  2734   00176E  6E24               	movwf	(??_main+5)^0,c
  2735   001770  5007               	movf	(?___lmul+2)^0,w,c
  2736   001772  2021               	addwfc	(??_main+2)^0,w,c
  2737   001774  6E25               	movwf	(??_main+6)^0,c
  2738   001776  5008               	movf	(?___lmul+3)^0,w,c
  2739   001778  2022               	addwfc	(??_main+3)^0,w,c
  2740   00177A  6E26               	movwf	(??_main+7)^0,c
  2741   00177C  504B               	movf	_rtc^0,w,c	;volatile
  2742   00177E  6E05               	movwf	___lmul@multiplier^0,c
  2743   001780  6A06               	clrf	(___lmul@multiplier+1)^0,c
  2744   001782  6A07               	clrf	(___lmul@multiplier+2)^0,c
  2745   001784  6A08               	clrf	(___lmul@multiplier+3)^0,c
  2746   001786  0EE8               	movlw	232
  2747   001788  6E09               	movwf	___lmul@multiplicand^0,c
  2748   00178A  0E03               	movlw	3
  2749   00178C  6E0A               	movwf	(___lmul@multiplicand+1)^0,c
  2750   00178E  0E00               	movlw	0
  2751   001790  6E0B               	movwf	(___lmul@multiplicand+2)^0,c
  2752   001792  0E00               	movlw	0
  2753   001794  6E0C               	movwf	(___lmul@multiplicand+3)^0,c
  2754   001796  ECD9  F00D         	call	___lmul	;wreg free
  2755   00179A  5005               	movf	?___lmul^0,w,c
  2756   00179C  2423               	addwf	(??_main+4)^0,w,c
  2757   00179E  6E27               	movwf	(??_main+8)^0,c
  2758   0017A0  5006               	movf	(?___lmul+1)^0,w,c
  2759   0017A2  2024               	addwfc	(??_main+5)^0,w,c
  2760   0017A4  6E28               	movwf	(??_main+9)^0,c
  2761   0017A6  5007               	movf	(?___lmul+2)^0,w,c
  2762   0017A8  2025               	addwfc	(??_main+6)^0,w,c
  2763   0017AA  6E29               	movwf	(??_main+10)^0,c
  2764   0017AC  5008               	movf	(?___lmul+3)^0,w,c
  2765   0017AE  2026               	addwfc	(??_main+7)^0,w,c
  2766   0017B0  6E2A               	movwf	(??_main+11)^0,c
  2767   0017B2  5046               	movf	_ms_contador^0,w,c	;volatile
  2768   0017B4  2427               	addwf	(??_main+8)^0,w,c
  2769   0017B6  6E2B               	movwf	main@ms_fim_evento^0,c
  2770   0017B8  5047               	movf	(_ms_contador+1)^0,w,c	;volatile
  2771   0017BA  2028               	addwfc	(??_main+9)^0,w,c
  2772   0017BC  6E2C               	movwf	(main@ms_fim_evento+1)^0,c
  2773   0017BE  0E00               	movlw	0
  2774   0017C0  2029               	addwfc	(??_main+10)^0,w,c
  2775   0017C2  6E2D               	movwf	(main@ms_fim_evento+2)^0,c
  2776   0017C4  0E00               	movlw	0
  2777   0017C6  202A               	addwfc	(??_main+11)^0,w,c
  2778   0017C8  6E2E               	movwf	(main@ms_fim_evento+3)^0,c
  2779   0017CA                     
  2780                           ;main.c: 118:                 uint32_t duracao_total = ms_fim_evento - ms_inicio_evento;
  2781   0017CA  502F               	movf	main@ms_inicio_evento^0,w,c
  2782   0017CC  5C2B               	subwf	main@ms_fim_evento^0,w,c
  2783   0017CE  6E33               	movwf	main@duracao_total^0,c
  2784   0017D0  5030               	movf	(main@ms_inicio_evento+1)^0,w,c
  2785   0017D2  582C               	subwfb	(main@ms_fim_evento+1)^0,w,c
  2786   0017D4  6E34               	movwf	(main@duracao_total+1)^0,c
  2787   0017D6  5031               	movf	(main@ms_inicio_evento+2)^0,w,c
  2788   0017D8  582D               	subwfb	(main@ms_fim_evento+2)^0,w,c
  2789   0017DA  6E35               	movwf	(main@duracao_total+2)^0,c
  2790   0017DC  5032               	movf	(main@ms_inicio_evento+3)^0,w,c
  2791   0017DE  582E               	subwfb	(main@ms_fim_evento+3)^0,w,c
  2792   0017E0  6E36               	movwf	(main@duracao_total+3)^0,c
  2793   0017E2                     
  2794                           ;main.c: 120:                 LATAbits.LATA0 = 0;
  2795   0017E2  9089               	bcf	137,0,c	;volatile
  2796   0017E4                     
  2797                           ;main.c: 123:                 salvar_evento_eeprom(momento_inicio, duracao_total);
  2798   0017E4  EE20  F039         	lfsr	2,main@momento_inicio
  2799   0017E8  EE00  F012         	lfsr	0,salvar_evento_eeprom@inicio
  2800   0017EC  0E06               	movlw	6
  2801   0017EE                     u1371:
  2802   0017EE  CFDB FFEB          	movff	plusw2,plusw0
  2803   0017F2  06E8               	decf	wreg,f,c
  2804   0017F4  E2FC               	bc	u1371
  2805   0017F6  C033  F019         	movff	main@duracao_total,salvar_evento_eeprom@duracao_ms
  2806   0017FA  C034  F01A         	movff	main@duracao_total+1,salvar_evento_eeprom@duracao_ms+1
  2807   0017FE  C035  F01B         	movff	main@duracao_total+2,salvar_evento_eeprom@duracao_ms+2
  2808   001802  C036  F01C         	movff	main@duracao_total+3,salvar_evento_eeprom@duracao_ms+3
  2809   001806  EC47  F00C         	call	_salvar_evento_eeprom	;wreg free
  2810   00180A                     
  2811                           ;main.c: 126:                 holding_registers[1] = (uint16_t)(duracao_total / 1000);
  2812   00180A  C033  F005         	movff	main@duracao_total,___lldiv@dividend
  2813   00180E  C034  F006         	movff	main@duracao_total+1,___lldiv@dividend+1
  2814   001812  C035  F007         	movff	main@duracao_total+2,___lldiv@dividend+2
  2815   001816  C036  F008         	movff	main@duracao_total+3,___lldiv@dividend+3
  2816   00181A  0EE8               	movlw	232
  2817   00181C  6E09               	movwf	___lldiv@divisor^0,c
  2818   00181E  0E03               	movlw	3
  2819   001820  6E0A               	movwf	(___lldiv@divisor+1)^0,c
  2820   001822  0E00               	movlw	0
  2821   001824  6E0B               	movwf	(___lldiv@divisor+2)^0,c
  2822   001826  0E00               	movlw	0
  2823   001828  6E0C               	movwf	(___lldiv@divisor+3)^0,c
  2824   00182A  ECBC  F00C         	call	___lldiv	;wreg free
  2825   00182E  C005  F0CA         	movff	?___lldiv,_holding_registers+2
  2826   001832  C006  F0CB         	movff	?___lldiv+1,_holding_registers+3
  2827   001836                     
  2828                           ;main.c: 127:                 holding_registers[2] = momento_inicio.ano;
  2829   001836  C03E  F0CC         	movff	main@momento_inicio+5,_holding_registers+4
  2830   00183A  C03F  F0CD         	movff	main@momento_inicio+6,_holding_registers+5
  2831   00183E                     
  2832                           ;main.c: 128:                 holding_registers[3] = ((uint16_t)momento_inicio.mes << 8)
      +                           | momento_inicio.dia;
  2833   00183E  503D               	movf	(main@momento_inicio+4)^0,w,c
  2834   001840  6E1F               	movwf	??_main^0,c
  2835   001842  503C               	movf	(main@momento_inicio+3)^0,w,c
  2836   001844  0100               	movlb	0	; () banked
  2837   001846  6FCE               	movwf	(_holding_registers+6)& (0+255),b
  2838   001848  C01F  F0CF         	movff	??_main,_holding_registers+7
  2839   00184C                     
  2840                           ; BSR set to: 0
  2841                           ;main.c: 129:                 holding_registers[4] = ((uint16_t)momento_inicio.hora << 8
      +                          ) | momento_inicio.minuto;
  2842   00184C  503B               	movf	(main@momento_inicio+2)^0,w,c
  2843   00184E  6E1F               	movwf	??_main^0,c
  2844   001850  503A               	movf	(main@momento_inicio+1)^0,w,c
  2845   001852  6FD0               	movwf	(_holding_registers+8)& (0+255),b
  2846   001854  C01F  F0D1         	movff	??_main,_holding_registers+9
  2847   001858                     
  2848                           ; BSR set to: 0
  2849                           ;main.c: 130:                 holding_registers[5] = momento_inicio.segundo;
  2850   001858  C039  F0D2         	movff	main@momento_inicio,_holding_registers+10
  2851   00185C  6BD3               	clrf	(_holding_registers+11)& (0+255),b
  2852   00185E                     l2196:
  2853                           
  2854                           ;main.c: 134:         estado_anterior = estado_atual;
  2855   00185E  C038  F037         	movff	main@estado_atual,main@estado_anterior
  2856   001862                     
  2857                           ;main.c: 137:         if (modbus_frame_ready) {
  2858   001862  5048               	movf	_modbus_frame_ready^0,w,c	;volatile
  2859   001864  B4D8               	btfsc	status,2,c
  2860   001866  EF37  F00C         	goto	u1381
  2861   00186A  EF39  F00C         	goto	u1380
  2862   00186E                     u1381:
  2863   00186E  EFC7  F00A         	goto	l2144
  2864   001872                     u1380:
  2865   001872                     
  2866                           ;main.c: 138:             Modbus_ProcessFrame(modbus_rx_buffer, modbus_rx_index);
  2867   001872  0E00               	movlw	low _modbus_rx_buffer
  2868   001874  6E0E               	movwf	Modbus_ProcessFrame@frame^0,c
  2869   001876  0E01               	movlw	high _modbus_rx_buffer
  2870   001878  6E0F               	movwf	(Modbus_ProcessFrame@frame+1)^0,c
  2871   00187A  C04A  F010         	movff	_modbus_rx_index,Modbus_ProcessFrame@len	;volatile
  2872   00187E  EC5F  F008         	call	_Modbus_ProcessFrame	;wreg free
  2873   001882                     
  2874                           ;main.c: 139:             modbus_rx_index = 0;
  2875   001882  6A4A               	clrf	_modbus_rx_index^0,c	;volatile
  2876   001884                     
  2877                           ;main.c: 140:             modbus_frame_ready = 0;
  2878   001884  6A48               	clrf	_modbus_frame_ready^0,c	;volatile
  2879   001886  EFC7  F00A         	goto	l2144
  2880   00188A  EF5A  F000         	goto	start
  2881   00188E                     __end_of_main:
  2882                           	callstack 0
  2883                           
  2884 ;; *************** function _salvar_evento_eeprom *****************
  2885 ;; Defined at:
  2886 ;;		line 34 in file "rtc_eeprom.c"
  2887 ;; Parameters:    Size  Location     Type
  2888 ;;  inicio          7   16[COMRAM] struct .
  2889 ;;  duracao_ms      4   23[COMRAM] unsigned long 
  2890 ;; Auto vars:     Size  Location     Type
  2891 ;;  duracao_sec     2   27[COMRAM] unsigned short 
  2892 ;; Return value:  Size  Location     Type
  2893 ;;                  1    wreg      void 
  2894 ;; Registers used:
  2895 ;;		wreg, status,2, status,0, cstack
  2896 ;; Tracked objects:
  2897 ;;		On entry : 0/0
  2898 ;;		On exit  : 0/0
  2899 ;;		Unchanged: 0/0
  2900 ;; Data sizes:     COMRAM   BANK0   BANK1   BANK2   BANK3   BANK4   BANK5   BANK6   BANK7   BANK8   BANK9  BANK10  BANK1
      +1  BANK12
  2901 ;;      Params:        11       0       0       0       0       0       0       0       0       0       0       0       
      +0       0
  2902 ;;      Locals:         2       0       0       0       0       0       0       0       0       0       0       0       
      +0       0
  2903 ;;      Temps:          0       0       0       0       0       0       0       0       0       0       0       0       
      +0       0
  2904 ;;      Totals:        13       0       0       0       0       0       0       0       0       0       0       0       
      +0       0
  2905 ;;Total ram usage:       13 bytes
  2906 ;; Hardware stack levels used: 1
  2907 ;; Hardware stack levels required when called: 3
  2908 ;; This function calls:
  2909 ;;		_EEPROM_WriteByte
  2910 ;;		___lldiv
  2911 ;; This function is called by:
  2912 ;;		_main
  2913 ;; This function uses a non-reentrant model
  2914 ;;
  2915                           
  2916                           	psect	text1
  2917   00188E                     __ptext1:
  2918                           	callstack 0
  2919   00188E                     _salvar_evento_eeprom:
  2920                           	callstack 27
  2921   00188E                     
  2922                           ;rtc_eeprom.c: 35:     if (endereco_eeprom > 1016) return;
  2923   00188E  0EF9               	movlw	249
  2924   001890  5C44               	subwf	_endereco_eeprom^0,w,c
  2925   001892  0E03               	movlw	3
  2926   001894  5845               	subwfb	(_endereco_eeprom+1)^0,w,c
  2927   001896  A0D8               	btfss	status,0,c
  2928   001898  EF50  F00C         	goto	u731
  2929   00189C  EF52  F00C         	goto	u730
  2930   0018A0                     u731:
  2931   0018A0  EF54  F00C         	goto	l1638
  2932   0018A4                     u730:
  2933   0018A4  EFBB  F00C         	goto	l114
  2934   0018A8                     l1638:
  2935                           
  2936                           ;rtc_eeprom.c: 37:     EEPROM_WriteByte(endereco_eeprom++, inicio.dia);
  2937   0018A8  C044  F005         	movff	_endereco_eeprom,EEPROM_WriteByte@endereco
  2938   0018AC  C045  F006         	movff	_endereco_eeprom+1,EEPROM_WriteByte@endereco+1
  2939   0018B0  C015  F007         	movff	salvar_evento_eeprom@inicio+3,EEPROM_WriteByte@dado
  2940   0018B4  EC37  F00E         	call	_EEPROM_WriteByte	;wreg free
  2941   0018B8  4A44               	infsnz	_endereco_eeprom^0,f,c
  2942   0018BA  2A45               	incf	(_endereco_eeprom+1)^0,f,c
  2943   0018BC                     
  2944                           ;rtc_eeprom.c: 38:     EEPROM_WriteByte(endereco_eeprom++, inicio.mes);
  2945   0018BC  C044  F005         	movff	_endereco_eeprom,EEPROM_WriteByte@endereco
  2946   0018C0  C045  F006         	movff	_endereco_eeprom+1,EEPROM_WriteByte@endereco+1
  2947   0018C4  C016  F007         	movff	salvar_evento_eeprom@inicio+4,EEPROM_WriteByte@dado
  2948   0018C8  EC37  F00E         	call	_EEPROM_WriteByte	;wreg free
  2949   0018CC  4A44               	infsnz	_endereco_eeprom^0,f,c
  2950   0018CE  2A45               	incf	(_endereco_eeprom+1)^0,f,c
  2951   0018D0                     
  2952                           ;rtc_eeprom.c: 39:     EEPROM_WriteByte(endereco_eeprom++, (uint8_t)(inicio.ano - 2000))
      +                          ;
  2953   0018D0  C044  F005         	movff	_endereco_eeprom,EEPROM_WriteByte@endereco
  2954   0018D4  C045  F006         	movff	_endereco_eeprom+1,EEPROM_WriteByte@endereco+1
  2955   0018D8  5017               	movf	(salvar_evento_eeprom@inicio+5)^0,w,c
  2956   0018DA  0F30               	addlw	48
  2957   0018DC  6E07               	movwf	EEPROM_WriteByte@dado^0,c
  2958   0018DE  EC37  F00E         	call	_EEPROM_WriteByte	;wreg free
  2959   0018E2  4A44               	infsnz	_endereco_eeprom^0,f,c
  2960   0018E4  2A45               	incf	(_endereco_eeprom+1)^0,f,c
  2961                           
  2962                           ;rtc_eeprom.c: 40:     EEPROM_WriteByte(endereco_eeprom++, inicio.hora);
  2963   0018E6  C044  F005         	movff	_endereco_eeprom,EEPROM_WriteByte@endereco
  2964   0018EA  C045  F006         	movff	_endereco_eeprom+1,EEPROM_WriteByte@endereco+1
  2965   0018EE  C014  F007         	movff	salvar_evento_eeprom@inicio+2,EEPROM_WriteByte@dado
  2966   0018F2  EC37  F00E         	call	_EEPROM_WriteByte	;wreg free
  2967   0018F6  4A44               	infsnz	_endereco_eeprom^0,f,c
  2968   0018F8  2A45               	incf	(_endereco_eeprom+1)^0,f,c
  2969   0018FA                     
  2970                           ;rtc_eeprom.c: 41:     EEPROM_WriteByte(endereco_eeprom++, inicio.minuto);
  2971   0018FA  C044  F005         	movff	_endereco_eeprom,EEPROM_WriteByte@endereco
  2972   0018FE  C045  F006         	movff	_endereco_eeprom+1,EEPROM_WriteByte@endereco+1
  2973   001902  C013  F007         	movff	salvar_evento_eeprom@inicio+1,EEPROM_WriteByte@dado
  2974   001906  EC37  F00E         	call	_EEPROM_WriteByte	;wreg free
  2975   00190A  4A44               	infsnz	_endereco_eeprom^0,f,c
  2976   00190C  2A45               	incf	(_endereco_eeprom+1)^0,f,c
  2977   00190E                     
  2978                           ;rtc_eeprom.c: 42:     EEPROM_WriteByte(endereco_eeprom++, inicio.segundo);
  2979   00190E  C044  F005         	movff	_endereco_eeprom,EEPROM_WriteByte@endereco
  2980   001912  C045  F006         	movff	_endereco_eeprom+1,EEPROM_WriteByte@endereco+1
  2981   001916  C012  F007         	movff	salvar_evento_eeprom@inicio,EEPROM_WriteByte@dado
  2982   00191A  EC37  F00E         	call	_EEPROM_WriteByte	;wreg free
  2983   00191E  4A44               	infsnz	_endereco_eeprom^0,f,c
  2984   001920  2A45               	incf	(_endereco_eeprom+1)^0,f,c
  2985                           
  2986                           ;rtc_eeprom.c: 44:     uint16_t duracao_sec = (uint16_t)(duracao_ms / 1000);
  2987   001922  C019  F005         	movff	salvar_evento_eeprom@duracao_ms,___lldiv@dividend
  2988   001926  C01A  F006         	movff	salvar_evento_eeprom@duracao_ms+1,___lldiv@dividend+1
  2989   00192A  C01B  F007         	movff	salvar_evento_eeprom@duracao_ms+2,___lldiv@dividend+2
  2990   00192E  C01C  F008         	movff	salvar_evento_eeprom@duracao_ms+3,___lldiv@dividend+3
  2991   001932  0EE8               	movlw	232
  2992   001934  6E09               	movwf	___lldiv@divisor^0,c
  2993   001936  0E03               	movlw	3
  2994   001938  6E0A               	movwf	(___lldiv@divisor+1)^0,c
  2995   00193A  0E00               	movlw	0
  2996   00193C  6E0B               	movwf	(___lldiv@divisor+2)^0,c
  2997   00193E  0E00               	movlw	0
  2998   001940  6E0C               	movwf	(___lldiv@divisor+3)^0,c
  2999   001942  ECBC  F00C         	call	___lldiv	;wreg free
  3000   001946  C005  F01D         	movff	?___lldiv,salvar_evento_eeprom@duracao_sec
  3001   00194A  C006  F01E         	movff	?___lldiv+1,salvar_evento_eeprom@duracao_sec+1
  3002                           
  3003                           ;rtc_eeprom.c: 45:     EEPROM_WriteByte(endereco_eeprom++, (duracao_sec >> 8) & 0xFF);
  3004   00194E  C044  F005         	movff	_endereco_eeprom,EEPROM_WriteByte@endereco
  3005   001952  C045  F006         	movff	_endereco_eeprom+1,EEPROM_WriteByte@endereco+1
  3006   001956  501E               	movf	(salvar_evento_eeprom@duracao_sec+1)^0,w,c
  3007   001958  6E07               	movwf	EEPROM_WriteByte@dado^0,c
  3008   00195A  EC37  F00E         	call	_EEPROM_WriteByte	;wreg free
  3009   00195E  4A44               	infsnz	_endereco_eeprom^0,f,c
  3010   001960  2A45               	incf	(_endereco_eeprom+1)^0,f,c
  3011   001962                     
  3012                           ;rtc_eeprom.c: 46:     EEPROM_WriteByte(endereco_eeprom++, duracao_sec & 0xFF);
  3013   001962  C044  F005         	movff	_endereco_eeprom,EEPROM_WriteByte@endereco
  3014   001966  C045  F006         	movff	_endereco_eeprom+1,EEPROM_WriteByte@endereco+1
  3015   00196A  C01D  F007         	movff	salvar_evento_eeprom@duracao_sec,EEPROM_WriteByte@dado
  3016   00196E  EC37  F00E         	call	_EEPROM_WriteByte	;wreg free
  3017   001972  4A44               	infsnz	_endereco_eeprom^0,f,c
  3018   001974  2A45               	incf	(_endereco_eeprom+1)^0,f,c
  3019   001976                     l114:
  3020   001976  0012               	return		;funcret
  3021   001978                     __end_of_salvar_evento_eeprom:
  3022                           	callstack 0
  3023                           
  3024 ;; *************** function _EEPROM_WriteByte *****************
  3025 ;; Defined at:
  3026 ;;		line 12 in file "rtc_eeprom.c"
  3027 ;; Parameters:    Size  Location     Type
  3028 ;;  endereco        2    3[COMRAM] unsigned short 
  3029 ;;  dado            1    5[COMRAM] unsigned char 
  3030 ;; Auto vars:     Size  Location     Type
  3031 ;;  gie_state       1    6[COMRAM] unsigned char 
  3032 ;; Return value:  Size  Location     Type
  3033 ;;                  1    wreg      void 
  3034 ;; Registers used:
  3035 ;;		wreg, status,2, status,0
  3036 ;; Tracked objects:
  3037 ;;		On entry : 0/0
  3038 ;;		On exit  : 0/0
  3039 ;;		Unchanged: 0/0
  3040 ;; Data sizes:     COMRAM   BANK0   BANK1   BANK2   BANK3   BANK4   BANK5   BANK6   BANK7   BANK8   BANK9  BANK10  BANK1
      +1  BANK12
  3041 ;;      Params:         3       0       0       0       0       0       0       0       0       0       0       0       
      +0       0
  3042 ;;      Locals:         1       0       0       0       0       0       0       0       0       0       0       0       
      +0       0
  3043 ;;      Temps:          0       0       0       0       0       0       0       0       0       0       0       0       
      +0       0
  3044 ;;      Totals:         4       0       0       0       0       0       0       0       0       0       0       0       
      +0       0
  3045 ;;Total ram usage:        4 bytes
  3046 ;; Hardware stack levels used: 1
  3047 ;; Hardware stack levels required when called: 2
  3048 ;; This function calls:
  3049 ;;		Nothing
  3050 ;; This function is called by:
  3051 ;;		_salvar_evento_eeprom
  3052 ;; This function uses a non-reentrant model
  3053 ;;
  3054                           
  3055                           	psect	text2
  3056   001C6E                     __ptext2:
  3057                           	callstack 0
  3058   001C6E                     _EEPROM_WriteByte:
  3059                           	callstack 27
  3060   001C6E                     
  3061                           ;rtc_eeprom.c: 13:     EEADRH = (uint8_t)((endereco >> 8) & 0x03);
  3062   001C6E  5006               	movf	(EEPROM_WriteByte@endereco+1)^0,w,c
  3063   001C70  0B03               	andlw	3
  3064   001C72  6EAA               	movwf	170,c	;volatile
  3065   001C74                     
  3066                           ;rtc_eeprom.c: 14:     EEADR = (uint8_t)(endereco & 0xFF);
  3067   001C74  C005  FFA9         	movff	EEPROM_WriteByte@endereco,4009	;volatile
  3068   001C78                     
  3069                           ;rtc_eeprom.c: 15:     EEDATA = dado;
  3070   001C78  C007  FFA8         	movff	EEPROM_WriteByte@dado,4008	;volatile
  3071   001C7C                     
  3072                           ;rtc_eeprom.c: 17:     EECON1bits.EEPGD = 0;
  3073   001C7C  9EA6               	bcf	166,7,c	;volsfr
  3074   001C7E                     
  3075                           ;rtc_eeprom.c: 18:     EECON1bits.CFGS = 0;
  3076   001C7E  9CA6               	bcf	166,6,c	;volsfr
  3077   001C80                     
  3078                           ;rtc_eeprom.c: 19:     EECON1bits.WREN = 1;
  3079   001C80  84A6               	bsf	166,2,c	;volsfr
  3080   001C82                     
  3081                           ;rtc_eeprom.c: 21:     uint8_t gie_state = INTCONbits.GIE;
  3082   001C82  0E00               	movlw	0
  3083   001C84  BEF2               	btfsc	242,7,c	;volatile
  3084   001C86  0E01               	movlw	1
  3085   001C88  6E08               	movwf	EEPROM_WriteByte@gie_state^0,c
  3086   001C8A                     
  3087                           ;rtc_eeprom.c: 22:     INTCONbits.GIE = 0;
  3088   001C8A  9EF2               	bcf	242,7,c	;volatile
  3089   001C8C                     
  3090                           ;rtc_eeprom.c: 24:     EECON2 = 0x55;
  3091   001C8C  0E55               	movlw	85
  3092   001C8E  6EA7               	movwf	167,c	;volsfr
  3093   001C90                     
  3094                           ;rtc_eeprom.c: 25:     EECON2 = 0xAA;
  3095   001C90  0EAA               	movlw	170
  3096   001C92  6EA7               	movwf	167,c	;volsfr
  3097   001C94                     
  3098                           ;rtc_eeprom.c: 26:     EECON1bits.WR = 1;
  3099   001C94  82A6               	bsf	166,1,c	;volsfr
  3100   001C96                     
  3101                           ;rtc_eeprom.c: 28:     INTCONbits.GIE = gie_state;
  3102   001C96  B008               	btfsc	EEPROM_WriteByte@gie_state^0,0,c
  3103   001C98  D002               	bra	u575
  3104   001C9A  9EF2               	bcf	242,7,c	;volatile
  3105   001C9C  D001               	bra	u576
  3106   001C9E                     u575:
  3107   001C9E  8EF2               	bsf	242,7,c	;volatile
  3108   001CA0                     u576:
  3109   001CA0                     l107:
  3110   001CA0  B2A6               	btfsc	166,1,c	;volsfr
  3111   001CA2  EF55  F00E         	goto	u581
  3112   001CA6  EF57  F00E         	goto	u580
  3113   001CAA                     u581:
  3114   001CAA  EF50  F00E         	goto	l107
  3115   001CAE                     u580:
  3116   001CAE                     
  3117                           ;rtc_eeprom.c: 31:     EECON1bits.WREN = 0;
  3118   001CAE  94A6               	bcf	166,2,c	;volsfr
  3119   001CB0  0012               	return		;funcret
  3120   001CB2                     __end_of_EEPROM_WriteByte:
  3121                           	callstack 0
  3122                           
  3123 ;; *************** function ___lmul *****************
  3124 ;; Defined at:
  3125 ;;		line 15 in file "C:\Program Files\Microchip\xc8\v3.10\pic\sources\c99\common\Umul32.c"
  3126 ;; Parameters:    Size  Location     Type
  3127 ;;  multiplier      4    3[COMRAM] unsigned long 
  3128 ;;  multiplicand    4    7[COMRAM] unsigned long 
  3129 ;; Auto vars:     Size  Location     Type
  3130 ;;  product         4   11[COMRAM] unsigned long 
  3131 ;; Return value:  Size  Location     Type
  3132 ;;                  4    3[COMRAM] unsigned long 
  3133 ;; Registers used:
  3134 ;;		wreg, status,2, status,0
  3135 ;; Tracked objects:
  3136 ;;		On entry : 0/0
  3137 ;;		On exit  : 0/0
  3138 ;;		Unchanged: 0/0
  3139 ;; Data sizes:     COMRAM   BANK0   BANK1   BANK2   BANK3   BANK4   BANK5   BANK6   BANK7   BANK8   BANK9  BANK10  BANK1
      +1  BANK12
  3140 ;;      Params:         8       0       0       0       0       0       0       0       0       0       0       0       
      +0       0
  3141 ;;      Locals:         4       0       0       0       0       0       0       0       0       0       0       0       
      +0       0
  3142 ;;      Temps:          0       0       0       0       0       0       0       0       0       0       0       0       
      +0       0
  3143 ;;      Totals:        12       0       0       0       0       0       0       0       0       0       0       0       
      +0       0
  3144 ;;Total ram usage:       12 bytes
  3145 ;; Hardware stack levels used: 1
  3146 ;; Hardware stack levels required when called: 2
  3147 ;; This function calls:
  3148 ;;		Nothing
  3149 ;; This function is called by:
  3150 ;;		_main
  3151 ;; This function uses a non-reentrant model
  3152 ;;
  3153                           
  3154                           	psect	text3
  3155   001BB2                     __ptext3:
  3156                           	callstack 0
  3157   001BB2                     ___lmul:
  3158                           	callstack 28
  3159   001BB2  0E00               	movlw	0
  3160   001BB4  6E0D               	movwf	___lmul@product^0,c
  3161   001BB6  0E00               	movlw	0
  3162   001BB8  6E0E               	movwf	(___lmul@product+1)^0,c
  3163   001BBA  0E00               	movlw	0
  3164   001BBC  6E0F               	movwf	(___lmul@product+2)^0,c
  3165   001BBE  0E00               	movlw	0
  3166   001BC0  6E10               	movwf	(___lmul@product+3)^0,c
  3167   001BC2                     l1786:
  3168   001BC2  A005               	btfss	___lmul@multiplier^0,0,c
  3169   001BC4  EFE6  F00D         	goto	u881
  3170   001BC8  EFE8  F00D         	goto	u880
  3171   001BCC                     u881:
  3172   001BCC  EFF0  F00D         	goto	l1790
  3173   001BD0                     u880:
  3174   001BD0  5009               	movf	___lmul@multiplicand^0,w,c
  3175   001BD2  260D               	addwf	___lmul@product^0,f,c
  3176   001BD4  500A               	movf	(___lmul@multiplicand+1)^0,w,c
  3177   001BD6  220E               	addwfc	(___lmul@product+1)^0,f,c
  3178   001BD8  500B               	movf	(___lmul@multiplicand+2)^0,w,c
  3179   001BDA  220F               	addwfc	(___lmul@product+2)^0,f,c
  3180   001BDC  500C               	movf	(___lmul@multiplicand+3)^0,w,c
  3181   001BDE  2210               	addwfc	(___lmul@product+3)^0,f,c
  3182   001BE0                     l1790:
  3183   001BE0  90D8               	bcf	status,0,c
  3184   001BE2  3609               	rlcf	___lmul@multiplicand^0,f,c
  3185   001BE4  360A               	rlcf	(___lmul@multiplicand+1)^0,f,c
  3186   001BE6  360B               	rlcf	(___lmul@multiplicand+2)^0,f,c
  3187   001BE8  360C               	rlcf	(___lmul@multiplicand+3)^0,f,c
  3188   001BEA  90D8               	bcf	status,0,c
  3189   001BEC  3208               	rrcf	(___lmul@multiplier+3)^0,f,c
  3190   001BEE  3207               	rrcf	(___lmul@multiplier+2)^0,f,c
  3191   001BF0  3206               	rrcf	(___lmul@multiplier+1)^0,f,c
  3192   001BF2  3205               	rrcf	___lmul@multiplier^0,f,c
  3193   001BF4  5005               	movf	___lmul@multiplier^0,w,c
  3194   001BF6  1006               	iorwf	(___lmul@multiplier+1)^0,w,c
  3195   001BF8  1007               	iorwf	(___lmul@multiplier+2)^0,w,c
  3196   001BFA  1008               	iorwf	(___lmul@multiplier+3)^0,w,c
  3197   001BFC  A4D8               	btfss	status,2,c
  3198   001BFE  EF03  F00E         	goto	u891
  3199   001C02  EF05  F00E         	goto	u890
  3200   001C06                     u891:
  3201   001C06  EFE1  F00D         	goto	l1786
  3202   001C0A                     u890:
  3203   001C0A  C00D  F005         	movff	___lmul@product,?___lmul
  3204   001C0E  C00E  F006         	movff	___lmul@product+1,?___lmul+1
  3205   001C12  C00F  F007         	movff	___lmul@product+2,?___lmul+2
  3206   001C16  C010  F008         	movff	___lmul@product+3,?___lmul+3
  3207   001C1A  0012               	return		;funcret
  3208   001C1C                     __end_of___lmul:
  3209                           	callstack 0
  3210                           
  3211 ;; *************** function _UART_Init *****************
  3212 ;; Defined at:
  3213 ;;		line 5 in file "uart.c"
  3214 ;; Parameters:    Size  Location     Type
  3215 ;;  baud_rate       4   16[COMRAM] unsigned long 
  3216 ;; Auto vars:     Size  Location     Type
  3217 ;;  spbrg_val       4   24[COMRAM] unsigned long 
  3218 ;; Return value:  Size  Location     Type
  3219 ;;                  1    wreg      void 
  3220 ;; Registers used:
  3221 ;;		wreg, status,2, status,0, cstack
  3222 ;; Tracked objects:
  3223 ;;		On entry : 0/0
  3224 ;;		On exit  : 0/0
  3225 ;;		Unchanged: 0/0
  3226 ;; Data sizes:     COMRAM   BANK0   BANK1   BANK2   BANK3   BANK4   BANK5   BANK6   BANK7   BANK8   BANK9  BANK10  BANK1
      +1  BANK12
  3227 ;;      Params:         4       0       0       0       0       0       0       0       0       0       0       0       
      +0       0
  3228 ;;      Locals:         4       0       0       0       0       0       0       0       0       0       0       0       
      +0       0
  3229 ;;      Temps:          4       0       0       0       0       0       0       0       0       0       0       0       
      +0       0
  3230 ;;      Totals:        12       0       0       0       0       0       0       0       0       0       0       0       
      +0       0
  3231 ;;Total ram usage:       12 bytes
  3232 ;; Hardware stack levels used: 1
  3233 ;; Hardware stack levels required when called: 3
  3234 ;; This function calls:
  3235 ;;		___lldiv
  3236 ;; This function is called by:
  3237 ;;		_main
  3238 ;; This function uses a non-reentrant model
  3239 ;;
  3240                           
  3241                           	psect	text4
  3242   001B3E                     __ptext4:
  3243                           	callstack 0
  3244   001B3E                     _UART_Init:
  3245                           	callstack 27
  3246   001B3E                     
  3247                           ;uart.c: 6:     TRISCbits.TRISC6 = 1;
  3248   001B3E  8C94               	bsf	148,6,c	;volatile
  3249                           
  3250                           ;uart.c: 7:     TRISCbits.TRISC7 = 1;
  3251   001B40  8E94               	bsf	148,7,c	;volatile
  3252   001B42                     
  3253                           ;uart.c: 9:     uint32_t spbrg_val = (20000000 / (16 * baud_rate)) - 1;
  3254   001B42  0E00               	movlw	0
  3255   001B44  6E05               	movwf	___lldiv@dividend^0,c
  3256   001B46  0E2D               	movlw	45
  3257   001B48  6E06               	movwf	(___lldiv@dividend+1)^0,c
  3258   001B4A  0E31               	movlw	49
  3259   001B4C  6E07               	movwf	(___lldiv@dividend+2)^0,c
  3260   001B4E  0E01               	movlw	1
  3261   001B50  6E08               	movwf	(___lldiv@dividend+3)^0,c
  3262   001B52  C012  F016         	movff	UART_Init@baud_rate,??_UART_Init
  3263   001B56  C013  F017         	movff	UART_Init@baud_rate+1,??_UART_Init+1
  3264   001B5A  C014  F018         	movff	UART_Init@baud_rate+2,??_UART_Init+2
  3265   001B5E  C015  F019         	movff	UART_Init@baud_rate+3,??_UART_Init+3
  3266   001B62  0E04               	movlw	4
  3267   001B64                     u725:
  3268   001B64  90D8               	bcf	status,0,c
  3269   001B66  3616               	rlcf	??_UART_Init^0,f,c
  3270   001B68  3617               	rlcf	(??_UART_Init+1)^0,f,c
  3271   001B6A  3618               	rlcf	(??_UART_Init+2)^0,f,c
  3272   001B6C  3619               	rlcf	(??_UART_Init+3)^0,f,c
  3273   001B6E  2EE8               	decfsz	wreg,f,c
  3274   001B70  EFB2  F00D         	goto	u725
  3275   001B74  C016  F009         	movff	??_UART_Init,___lldiv@divisor
  3276   001B78  C017  F00A         	movff	??_UART_Init+1,___lldiv@divisor+1
  3277   001B7C  C018  F00B         	movff	??_UART_Init+2,___lldiv@divisor+2
  3278   001B80  C019  F00C         	movff	??_UART_Init+3,___lldiv@divisor+3
  3279   001B84  ECBC  F00C         	call	___lldiv	;wreg free
  3280   001B88  0EFF               	movlw	255
  3281   001B8A  2405               	addwf	?___lldiv^0,w,c
  3282   001B8C  6E1A               	movwf	UART_Init@spbrg_val^0,c
  3283   001B8E  0EFF               	movlw	255
  3284   001B90  2006               	addwfc	(?___lldiv+1)^0,w,c
  3285   001B92  6E1B               	movwf	(UART_Init@spbrg_val+1)^0,c
  3286   001B94  0EFF               	movlw	255
  3287   001B96  2007               	addwfc	(?___lldiv+2)^0,w,c
  3288   001B98  6E1C               	movwf	(UART_Init@spbrg_val+2)^0,c
  3289   001B9A  0EFF               	movlw	255
  3290   001B9C  2008               	addwfc	(?___lldiv+3)^0,w,c
  3291   001B9E  6E1D               	movwf	(UART_Init@spbrg_val+3)^0,c
  3292   001BA0                     
  3293                           ;uart.c: 10:     TXSTAbits.BRGH = 1;
  3294   001BA0  84AC               	bsf	172,2,c	;volatile
  3295   001BA2                     
  3296                           ;uart.c: 11:     BAUDCONbits.BRG16 = 0;
  3297   001BA2  96B8               	bcf	184,3,c	;volatile
  3298   001BA4                     
  3299                           ;uart.c: 12:     SPBRG = (uint8_t)spbrg_val;
  3300   001BA4  C01A  FFAF         	movff	UART_Init@spbrg_val,4015	;volatile
  3301   001BA8                     
  3302                           ;uart.c: 14:     TXSTAbits.SYNC = 0;
  3303   001BA8  98AC               	bcf	172,4,c	;volatile
  3304   001BAA                     
  3305                           ;uart.c: 15:     TXSTAbits.TXEN = 1;
  3306   001BAA  8AAC               	bsf	172,5,c	;volatile
  3307   001BAC                     
  3308                           ;uart.c: 17:     RCSTAbits.CREN = 1;
  3309   001BAC  88AB               	bsf	171,4,c	;volatile
  3310   001BAE                     
  3311                           ;uart.c: 18:     RCSTAbits.SPEN = 1;
  3312   001BAE  8EAB               	bsf	171,7,c	;volatile
  3313   001BB0  0012               	return		;funcret
  3314   001BB2                     __end_of_UART_Init:
  3315                           	callstack 0
  3316                           
  3317 ;; *************** function ___lldiv *****************
  3318 ;; Defined at:
  3319 ;;		line 7 in file "C:\Program Files\Microchip\xc8\v3.10\pic\sources\c99\common\__lldiv.c"
  3320 ;; Parameters:    Size  Location     Type
  3321 ;;  dividend        4    3[COMRAM] unsigned long 
  3322 ;;  divisor         4    7[COMRAM] unsigned long 
  3323 ;; Auto vars:     Size  Location     Type
  3324 ;;  quotient        4   11[COMRAM] unsigned long 
  3325 ;;  counter         1   15[COMRAM] unsigned char 
  3326 ;; Return value:  Size  Location     Type
  3327 ;;                  4    3[COMRAM] unsigned long 
  3328 ;; Registers used:
  3329 ;;		wreg, status,2, status,0
  3330 ;; Tracked objects:
  3331 ;;		On entry : 0/0
  3332 ;;		On exit  : 0/0
  3333 ;;		Unchanged: 0/0
  3334 ;; Data sizes:     COMRAM   BANK0   BANK1   BANK2   BANK3   BANK4   BANK5   BANK6   BANK7   BANK8   BANK9  BANK10  BANK1
      +1  BANK12
  3335 ;;      Params:         8       0       0       0       0       0       0       0       0       0       0       0       
      +0       0
  3336 ;;      Locals:         5       0       0       0       0       0       0       0       0       0       0       0       
      +0       0
  3337 ;;      Temps:          0       0       0       0       0       0       0       0       0       0       0       0       
      +0       0
  3338 ;;      Totals:        13       0       0       0       0       0       0       0       0       0       0       0       
      +0       0
  3339 ;;Total ram usage:       13 bytes
  3340 ;; Hardware stack levels used: 1
  3341 ;; Hardware stack levels required when called: 2
  3342 ;; This function calls:
  3343 ;;		Nothing
  3344 ;; This function is called by:
  3345 ;;		_main
  3346 ;;		_salvar_evento_eeprom
  3347 ;;		_UART_Init
  3348 ;; This function uses a non-reentrant model
  3349 ;;
  3350                           
  3351                           	psect	text5
  3352   001978                     __ptext5:
  3353                           	callstack 0
  3354   001978                     ___lldiv:
  3355                           	callstack 27
  3356   001978  0E00               	movlw	0
  3357   00197A  6E0D               	movwf	___lldiv@quotient^0,c
  3358   00197C  0E00               	movlw	0
  3359   00197E  6E0E               	movwf	(___lldiv@quotient+1)^0,c
  3360   001980  0E00               	movlw	0
  3361   001982  6E0F               	movwf	(___lldiv@quotient+2)^0,c
  3362   001984  0E00               	movlw	0
  3363   001986  6E10               	movwf	(___lldiv@quotient+3)^0,c
  3364   001988  5009               	movf	___lldiv@divisor^0,w,c
  3365   00198A  100A               	iorwf	(___lldiv@divisor+1)^0,w,c
  3366   00198C  100B               	iorwf	(___lldiv@divisor+2)^0,w,c
  3367   00198E  100C               	iorwf	(___lldiv@divisor+3)^0,w,c
  3368   001990  B4D8               	btfsc	status,2,c
  3369   001992  EFCD  F00C         	goto	u631
  3370   001996  EFCF  F00C         	goto	u630
  3371   00199A                     u631:
  3372   00199A  EF05  F00D         	goto	l243
  3373   00199E                     u630:
  3374   00199E  0E01               	movlw	1
  3375   0019A0  6E11               	movwf	___lldiv@counter^0,c
  3376   0019A2  EFD9  F00C         	goto	l1560
  3377   0019A6                     l1558:
  3378   0019A6  90D8               	bcf	status,0,c
  3379   0019A8  3609               	rlcf	___lldiv@divisor^0,f,c
  3380   0019AA  360A               	rlcf	(___lldiv@divisor+1)^0,f,c
  3381   0019AC  360B               	rlcf	(___lldiv@divisor+2)^0,f,c
  3382   0019AE  360C               	rlcf	(___lldiv@divisor+3)^0,f,c
  3383   0019B0  2A11               	incf	___lldiv@counter^0,f,c
  3384   0019B2                     l1560:
  3385   0019B2  AE0C               	btfss	(___lldiv@divisor+3)^0,7,c
  3386   0019B4  EFDE  F00C         	goto	u641
  3387   0019B8  EFE0  F00C         	goto	u640
  3388   0019BC                     u641:
  3389   0019BC  EFD3  F00C         	goto	l1558
  3390   0019C0                     u640:
  3391   0019C0                     l1562:
  3392   0019C0  90D8               	bcf	status,0,c
  3393   0019C2  360D               	rlcf	___lldiv@quotient^0,f,c
  3394   0019C4  360E               	rlcf	(___lldiv@quotient+1)^0,f,c
  3395   0019C6  360F               	rlcf	(___lldiv@quotient+2)^0,f,c
  3396   0019C8  3610               	rlcf	(___lldiv@quotient+3)^0,f,c
  3397   0019CA  5009               	movf	___lldiv@divisor^0,w,c
  3398   0019CC  5C05               	subwf	___lldiv@dividend^0,w,c
  3399   0019CE  500A               	movf	(___lldiv@divisor+1)^0,w,c
  3400   0019D0  5806               	subwfb	(___lldiv@dividend+1)^0,w,c
  3401   0019D2  500B               	movf	(___lldiv@divisor+2)^0,w,c
  3402   0019D4  5807               	subwfb	(___lldiv@dividend+2)^0,w,c
  3403   0019D6  500C               	movf	(___lldiv@divisor+3)^0,w,c
  3404   0019D8  5808               	subwfb	(___lldiv@dividend+3)^0,w,c
  3405   0019DA  A0D8               	btfss	status,0,c
  3406   0019DC  EFF2  F00C         	goto	u651
  3407   0019E0  EFF4  F00C         	goto	u650
  3408   0019E4                     u651:
  3409   0019E4  EFFD  F00C         	goto	l1570
  3410   0019E8                     u650:
  3411   0019E8  5009               	movf	___lldiv@divisor^0,w,c
  3412   0019EA  5E05               	subwf	___lldiv@dividend^0,f,c
  3413   0019EC  500A               	movf	(___lldiv@divisor+1)^0,w,c
  3414   0019EE  5A06               	subwfb	(___lldiv@dividend+1)^0,f,c
  3415   0019F0  500B               	movf	(___lldiv@divisor+2)^0,w,c
  3416   0019F2  5A07               	subwfb	(___lldiv@dividend+2)^0,f,c
  3417   0019F4  500C               	movf	(___lldiv@divisor+3)^0,w,c
  3418   0019F6  5A08               	subwfb	(___lldiv@dividend+3)^0,f,c
  3419   0019F8  800D               	bsf	___lldiv@quotient^0,0,c
  3420   0019FA                     l1570:
  3421   0019FA  90D8               	bcf	status,0,c
  3422   0019FC  320C               	rrcf	(___lldiv@divisor+3)^0,f,c
  3423   0019FE  320B               	rrcf	(___lldiv@divisor+2)^0,f,c
  3424   001A00  320A               	rrcf	(___lldiv@divisor+1)^0,f,c
  3425   001A02  3209               	rrcf	___lldiv@divisor^0,f,c
  3426   001A04  2E11               	decfsz	___lldiv@counter^0,f,c
  3427   001A06  EFE0  F00C         	goto	l1562
  3428   001A0A                     l243:
  3429   001A0A  C00D  F005         	movff	___lldiv@quotient,?___lldiv
  3430   001A0E  C00E  F006         	movff	___lldiv@quotient+1,?___lldiv+1
  3431   001A12  C00F  F007         	movff	___lldiv@quotient+2,?___lldiv+2
  3432   001A16  C010  F008         	movff	___lldiv@quotient+3,?___lldiv+3
  3433   001A1A  0012               	return		;funcret
  3434   001A1C                     __end_of___lldiv:
  3435                           	callstack 0
  3436                           
  3437 ;; *************** function _Modbus_ProcessFrame *****************
  3438 ;; Defined at:
  3439 ;;		line 24 in file "modbus.c"
  3440 ;; Parameters:    Size  Location     Type
  3441 ;;  frame           2   12[COMRAM] PTR unsigned char 
  3442 ;;		 -> modbus_rx_buffer(64), 
  3443 ;;  len             1   14[COMRAM] unsigned char 
  3444 ;; Auto vars:     Size  Location     Type
  3445 ;;  i               2   96[BANK0 ] unsigned short 
  3446 ;;  val             2   80[BANK0 ] unsigned short 
  3447 ;;  i               1  102[BANK0 ] unsigned char 
  3448 ;;  data_idx        1   99[BANK0 ] unsigned char 
  3449 ;;  i               1   98[BANK0 ] unsigned char 
  3450 ;;  i               2   94[BANK0 ] unsigned short 
  3451 ;;  i               2   92[BANK0 ] unsigned short 
  3452 ;;  tx_buffer       8   70[BANK0 ] unsigned char [8]
  3453 ;;  tx_crc          2   90[BANK0 ] unsigned short 
  3454 ;;  num_regs        2   88[BANK0 ] unsigned short 
  3455 ;;  start_addr      2   86[BANK0 ] unsigned short 
  3456 ;;  reg_addr        2   84[BANK0 ] unsigned short 
  3457 ;;  reg_value       2   68[BANK0 ] unsigned short 
  3458 ;;  tx_buffer      64    0[BANK0 ] unsigned char [64]
  3459 ;;  num_regs        2  100[BANK0 ] unsigned short 
  3460 ;;  tx_crc          2   82[BANK0 ] unsigned short 
  3461 ;;  start_addr      2   78[BANK0 ] unsigned short 
  3462 ;;  tx_idx          1  103[BANK0 ] unsigned char 
  3463 ;;  crc_calc        2   66[BANK0 ] unsigned short 
  3464 ;;  crc_rx          2   64[BANK0 ] unsigned short 
  3465 ;; Return value:  Size  Location     Type
  3466 ;;                  1    wreg      void 
  3467 ;; Registers used:
  3468 ;;		wreg, fsr2l, fsr2h, status,2, status,0, prodl, prodh, cstack
  3469 ;; Tracked objects:
  3470 ;;		On entry : 0/0
  3471 ;;		On exit  : 0/0
  3472 ;;		Unchanged: 0/0
  3473 ;; Data sizes:     COMRAM   BANK0   BANK1   BANK2   BANK3   BANK4   BANK5   BANK6   BANK7   BANK8   BANK9  BANK10  BANK1
      +1  BANK12
  3474 ;;      Params:         3       0       0       0       0       0       0       0       0       0       0       0       
      +0       0
  3475 ;;      Locals:         0     104       0       0       0       0       0       0       0       0       0       0       
      +0       0
  3476 ;;      Temps:          7       0       0       0       0       0       0       0       0       0       0       0       
      +0       0
  3477 ;;      Totals:        10     104       0       0       0       0       0       0       0       0       0       0       
      +0       0
  3478 ;;Total ram usage:      114 bytes
  3479 ;; Hardware stack levels used: 1
  3480 ;; Hardware stack levels required when called: 3
  3481 ;; This function calls:
  3482 ;;		_Modbus_CRC16
  3483 ;;		_UART_Write
  3484 ;; This function is called by:
  3485 ;;		_main
  3486 ;; This function uses a non-reentrant model
  3487 ;;
  3488                           
  3489                           	psect	text6
  3490   0010BE                     __ptext6:
  3491                           	callstack 0
  3492   0010BE                     _Modbus_ProcessFrame:
  3493                           	callstack 27
  3494   0010BE                     
  3495                           ;modbus.c: 25:     if (len < 4) return;
  3496   0010BE  0E04               	movlw	4
  3497   0010C0  6010               	cpfslt	Modbus_ProcessFrame@len^0,c
  3498   0010C2  EF65  F008         	goto	u1151
  3499   0010C6  EF67  F008         	goto	u1150
  3500   0010CA                     u1151:
  3501   0010CA  EF69  F008         	goto	l1992
  3502   0010CE                     u1150:
  3503   0010CE  EF9F  F00A         	goto	l189
  3504   0010D2                     l1992:
  3505                           
  3506                           ;modbus.c: 26:     if (frame[0] != 1) return;
  3507   0010D2  C00E  FFD9         	movff	Modbus_ProcessFrame@frame,fsr2l
  3508   0010D6  C00F  FFDA         	movff	Modbus_ProcessFrame@frame+1,fsr2h
  3509   0010DA  04DE               	decf	postinc2,w,c
  3510   0010DC  B4D8               	btfsc	status,2,c
  3511   0010DE  EF73  F008         	goto	u1161
  3512   0010E2  EF75  F008         	goto	u1160
  3513   0010E6                     u1161:
  3514   0010E6  EF77  F008         	goto	l1996
  3515   0010EA                     u1160:
  3516   0010EA  EF9F  F00A         	goto	l189
  3517   0010EE                     l1996:
  3518                           
  3519                           ;modbus.c: 29:     uint16_t crc_rx = ((uint16_t)frame[len-1] << 8) | frame[len-2];
  3520   0010EE  5010               	movf	Modbus_ProcessFrame@len^0,w,c
  3521   0010F0  240E               	addwf	Modbus_ProcessFrame@frame^0,w,c
  3522   0010F2  6E11               	movwf	??_Modbus_ProcessFrame^0,c
  3523   0010F4  0E00               	movlw	0
  3524   0010F6  200F               	addwfc	(Modbus_ProcessFrame@frame+1)^0,w,c
  3525   0010F8  6E12               	movwf	(??_Modbus_ProcessFrame+1)^0,c
  3526   0010FA  0EFE               	movlw	254
  3527   0010FC  2411               	addwf	??_Modbus_ProcessFrame^0,w,c
  3528   0010FE  6ED9               	movwf	fsr2l,c
  3529   001100  0EFF               	movlw	255
  3530   001102  2012               	addwfc	(??_Modbus_ProcessFrame+1)^0,w,c
  3531   001104  6EDA               	movwf	fsr2h,c
  3532   001106  50DF               	movf	indf2,w,c
  3533   001108  6E13               	movwf	(??_Modbus_ProcessFrame+2)^0,c
  3534   00110A  5010               	movf	Modbus_ProcessFrame@len^0,w,c
  3535   00110C  240E               	addwf	Modbus_ProcessFrame@frame^0,w,c
  3536   00110E  6E14               	movwf	(??_Modbus_ProcessFrame+3)^0,c
  3537   001110  0E00               	movlw	0
  3538   001112  200F               	addwfc	(Modbus_ProcessFrame@frame+1)^0,w,c
  3539   001114  6E15               	movwf	(??_Modbus_ProcessFrame+4)^0,c
  3540   001116  0EFF               	movlw	255
  3541   001118  2414               	addwf	(??_Modbus_ProcessFrame+3)^0,w,c
  3542   00111A  6ED9               	movwf	fsr2l,c
  3543   00111C  0EFF               	movlw	255
  3544   00111E  2015               	addwfc	(??_Modbus_ProcessFrame+4)^0,w,c
  3545   001120  6EDA               	movwf	fsr2h,c
  3546   001122  50DF               	movf	indf2,w,c
  3547   001124  6E16               	movwf	(??_Modbus_ProcessFrame+5)^0,c
  3548   001126  5013               	movf	(??_Modbus_ProcessFrame+2)^0,w,c
  3549   001128  0100               	movlb	0	; () banked
  3550   00112A  6FA0               	movwf	Modbus_ProcessFrame@crc_rx& (0+255),b
  3551   00112C  C016  F0A1         	movff	??_Modbus_ProcessFrame+5,Modbus_ProcessFrame@crc_rx+1
  3552   001130                     
  3553                           ; BSR set to: 0
  3554                           ;modbus.c: 30:     uint16_t crc_calc = Modbus_CRC16(frame, len-2);
  3555   001130  C00E  F005         	movff	Modbus_ProcessFrame@frame,Modbus_CRC16@buf
  3556   001134  C00F  F006         	movff	Modbus_ProcessFrame@frame+1,Modbus_CRC16@buf+1
  3557   001138  5010               	movf	Modbus_ProcessFrame@len^0,w,c
  3558   00113A  0FFE               	addlw	254
  3559   00113C  6E07               	movwf	Modbus_CRC16@len^0,c
  3560   00113E  EC5F  F00D         	call	_Modbus_CRC16	;wreg free
  3561   001142  C005  F0A2         	movff	?_Modbus_CRC16,Modbus_ProcessFrame@crc_calc
  3562   001146  C006  F0A3         	movff	?_Modbus_CRC16+1,Modbus_ProcessFrame@crc_calc+1
  3563   00114A                     
  3564                           ;modbus.c: 31:     if (crc_rx != crc_calc) return;
  3565   00114A  0100               	movlb	0	; () banked
  3566   00114C  51A2               	movf	Modbus_ProcessFrame@crc_calc& (0+255),w,b
  3567   00114E  19A0               	xorwf	Modbus_ProcessFrame@crc_rx& (0+255),w,b
  3568   001150  E109               	bnz	u1170
  3569   001152  51A3               	movf	(Modbus_ProcessFrame@crc_calc+1)& (0+255),w,b
  3570   001154  19A1               	xorwf	(Modbus_ProcessFrame@crc_rx+1)& (0+255),w,b
  3571   001156  B4D8               	btfsc	status,2,c
  3572   001158  EFB0  F008         	goto	u1171
  3573   00115C  EFB2  F008         	goto	u1170
  3574   001160                     u1171:
  3575   001160  EFB4  F008         	goto	l2004
  3576   001164                     u1170:
  3577   001164  EF9F  F00A         	goto	l189
  3578   001168                     l2004:
  3579                           
  3580                           ; BSR set to: 0
  3581                           ;modbus.c: 34:     if (frame[1] == 0x03) {
  3582   001168  EE20 F001          	lfsr	2,1
  3583   00116C  500E               	movf	Modbus_ProcessFrame@frame^0,w,c
  3584   00116E  26D9               	addwf	fsr2l,f,c
  3585   001170  500F               	movf	(Modbus_ProcessFrame@frame+1)^0,w,c
  3586   001172  22DA               	addwfc	fsr2h,f,c
  3587   001174  0E03               	movlw	3
  3588   001176  18DE               	xorwf	postinc2,w,c
  3589   001178  A4D8               	btfss	status,2,c
  3590   00117A  EFC1  F008         	goto	u1181
  3591   00117E  EFC3  F008         	goto	u1180
  3592   001182                     u1181:
  3593   001182  EF6F  F009         	goto	l2052
  3594   001186                     u1180:
  3595   001186                     
  3596                           ; BSR set to: 0
  3597                           ;modbus.c: 35:         uint16_t start_addr = ((uint16_t)frame[2] << 8) | frame[3];
  3598   001186  EE20 F003          	lfsr	2,3
  3599   00118A  500E               	movf	Modbus_ProcessFrame@frame^0,w,c
  3600   00118C  26D9               	addwf	fsr2l,f,c
  3601   00118E  500F               	movf	(Modbus_ProcessFrame@frame+1)^0,w,c
  3602   001190  22DA               	addwfc	fsr2h,f,c
  3603   001192  50DF               	movf	indf2,w,c
  3604   001194  6E11               	movwf	??_Modbus_ProcessFrame^0,c
  3605   001196  EE20 F002          	lfsr	2,2
  3606   00119A  500E               	movf	Modbus_ProcessFrame@frame^0,w,c
  3607   00119C  26D9               	addwf	fsr2l,f,c
  3608   00119E  500F               	movf	(Modbus_ProcessFrame@frame+1)^0,w,c
  3609   0011A0  22DA               	addwfc	fsr2h,f,c
  3610   0011A2  50DF               	movf	indf2,w,c
  3611   0011A4  6E12               	movwf	(??_Modbus_ProcessFrame+1)^0,c
  3612   0011A6  5011               	movf	??_Modbus_ProcessFrame^0,w,c
  3613   0011A8  6FAE               	movwf	Modbus_ProcessFrame@start_addr& (0+255),b
  3614   0011AA  C012  F0AF         	movff	??_Modbus_ProcessFrame+1,Modbus_ProcessFrame@start_addr+1
  3615                           
  3616                           ;modbus.c: 36:         uint16_t num_regs = ((uint16_t)frame[4] << 8) | frame[5];
  3617   0011AE  EE20 F005          	lfsr	2,5
  3618   0011B2  500E               	movf	Modbus_ProcessFrame@frame^0,w,c
  3619   0011B4  26D9               	addwf	fsr2l,f,c
  3620   0011B6  500F               	movf	(Modbus_ProcessFrame@frame+1)^0,w,c
  3621   0011B8  22DA               	addwfc	fsr2h,f,c
  3622   0011BA  50DF               	movf	indf2,w,c
  3623   0011BC  6E11               	movwf	??_Modbus_ProcessFrame^0,c
  3624   0011BE  EE20 F004          	lfsr	2,4
  3625   0011C2  500E               	movf	Modbus_ProcessFrame@frame^0,w,c
  3626   0011C4  26D9               	addwf	fsr2l,f,c
  3627   0011C6  500F               	movf	(Modbus_ProcessFrame@frame+1)^0,w,c
  3628   0011C8  22DA               	addwfc	fsr2h,f,c
  3629   0011CA  50DF               	movf	indf2,w,c
  3630   0011CC  6E12               	movwf	(??_Modbus_ProcessFrame+1)^0,c
  3631   0011CE  5011               	movf	??_Modbus_ProcessFrame^0,w,c
  3632   0011D0  6FC4               	movwf	Modbus_ProcessFrame@num_regs& (0+255),b
  3633   0011D2  C012  F0C5         	movff	??_Modbus_ProcessFrame+1,Modbus_ProcessFrame@num_regs+1
  3634   0011D6                     
  3635                           ; BSR set to: 0
  3636                           ;modbus.c: 39:         if (start_addr + num_regs > 20) return;
  3637   0011D6  51C4               	movf	Modbus_ProcessFrame@num_regs& (0+255),w,b
  3638   0011D8  25AE               	addwf	Modbus_ProcessFrame@start_addr& (0+255),w,b
  3639   0011DA  6E11               	movwf	??_Modbus_ProcessFrame^0,c
  3640   0011DC  51C5               	movf	(Modbus_ProcessFrame@num_regs+1)& (0+255),w,b
  3641   0011DE  21AF               	addwfc	(Modbus_ProcessFrame@start_addr+1)& (0+255),w,b
  3642   0011E0  6E12               	movwf	(??_Modbus_ProcessFrame+1)^0,c
  3643   0011E2  5012               	movf	(??_Modbus_ProcessFrame+1)^0,w,c
  3644   0011E4  E109               	bnz	u1190
  3645   0011E6  0E15               	movlw	21
  3646   0011E8  5C11               	subwf	??_Modbus_ProcessFrame^0,w,c
  3647   0011EA  A0D8               	btfss	status,0,c
  3648   0011EC  EFFA  F008         	goto	u1191
  3649   0011F0  EFFC  F008         	goto	u1190
  3650   0011F4                     u1191:
  3651   0011F4  EFFE  F008         	goto	l2012
  3652   0011F8                     u1190:
  3653   0011F8  EF9F  F00A         	goto	l189
  3654   0011FC                     l2012:
  3655                           
  3656                           ; BSR set to: 0
  3657                           ;modbus.c: 42:         uint8_t tx_buffer[64];;modbus.c: 43:         tx_buffer[0] = 1;
  3658   0011FC  0E01               	movlw	1
  3659   0011FE  6F60               	movwf	Modbus_ProcessFrame@tx_buffer& (0+255),b
  3660                           
  3661                           ;modbus.c: 44:         tx_buffer[1] = 0x03;
  3662   001200  0E03               	movlw	3
  3663   001202  6F61               	movwf	(Modbus_ProcessFrame@tx_buffer+1)& (0+255),b
  3664   001204                     
  3665                           ; BSR set to: 0
  3666                           ;modbus.c: 45:         tx_buffer[2] = (uint8_t)(num_regs * 2);
  3667   001204  51C4               	movf	Modbus_ProcessFrame@num_regs& (0+255),w,b
  3668   001206  25C4               	addwf	Modbus_ProcessFrame@num_regs& (0+255),w,b
  3669   001208  6F62               	movwf	(Modbus_ProcessFrame@tx_buffer+2)& (0+255),b
  3670   00120A                     
  3671                           ; BSR set to: 0
  3672                           ;modbus.c: 47:         uint8_t tx_idx = 3;
  3673   00120A  0E03               	movlw	3
  3674   00120C  6FC7               	movwf	Modbus_ProcessFrame@tx_idx& (0+255),b
  3675   00120E                     
  3676                           ; BSR set to: 0
  3677                           ;modbus.c: 48:         for (uint16_t i = 0; i < num_regs; i++) {
  3678   00120E  6BBD               	clrf	(Modbus_ProcessFrame@i+1)& (0+255),b
  3679   001210  0E00               	movlw	0
  3680   001212  6FBC               	movwf	Modbus_ProcessFrame@i& (0+255),b
  3681   001214  EF2B  F009         	goto	l2032
  3682   001218                     l2020:
  3683                           
  3684                           ; BSR set to: 0
  3685                           ;modbus.c: 49:             uint16_t val = holding_registers[start_addr + i];
  3686   001218  51BC               	movf	Modbus_ProcessFrame@i& (0+255),w,b
  3687   00121A  0D02               	mullw	2
  3688   00121C  CFF3 F011          	movff	prodl,??_Modbus_ProcessFrame
  3689   001220  51AE               	movf	Modbus_ProcessFrame@start_addr& (0+255),w,b
  3690   001222  0D02               	mullw	2
  3691   001224  50F3               	movf	243,w,c
  3692   001226  0FC8               	addlw	low _holding_registers
  3693   001228  2411               	addwf	??_Modbus_ProcessFrame^0,w,c
  3694   00122A  6ED9               	movwf	fsr2l,c
  3695   00122C  6ADA               	clrf	fsr2h,c
  3696   00122E  CFDE F0B0          	movff	postinc2,Modbus_ProcessFrame@val
  3697   001232  CFDD F0B1          	movff	postdec2,Modbus_ProcessFrame@val+1
  3698   001236                     
  3699                           ; BSR set to: 0
  3700                           ;modbus.c: 50:             tx_buffer[tx_idx++] = (val >> 8) & 0xFF;
  3701   001236  51C7               	movf	Modbus_ProcessFrame@tx_idx& (0+255),w,b
  3702   001238  0F60               	addlw	low Modbus_ProcessFrame@tx_buffer
  3703   00123A  6ED9               	movwf	fsr2l,c
  3704   00123C  6ADA               	clrf	fsr2h,c
  3705   00123E  51B1               	movf	(Modbus_ProcessFrame@val+1)& (0+255),w,b
  3706   001240  6EDF               	movwf	indf2,c
  3707   001242                     
  3708                           ; BSR set to: 0
  3709   001242  2BC7               	incf	Modbus_ProcessFrame@tx_idx& (0+255),f,b
  3710   001244                     
  3711                           ; BSR set to: 0
  3712                           ;modbus.c: 51:             tx_buffer[tx_idx++] = val & 0xFF;
  3713   001244  51C7               	movf	Modbus_ProcessFrame@tx_idx& (0+255),w,b
  3714   001246  0F60               	addlw	low Modbus_ProcessFrame@tx_buffer
  3715   001248  6ED9               	movwf	fsr2l,c
  3716   00124A  6ADA               	clrf	fsr2h,c
  3717   00124C  C0B0  FFDF         	movff	Modbus_ProcessFrame@val,indf2
  3718   001250                     
  3719                           ; BSR set to: 0
  3720   001250  2BC7               	incf	Modbus_ProcessFrame@tx_idx& (0+255),f,b
  3721   001252                     
  3722                           ; BSR set to: 0
  3723                           ;modbus.c: 52:         }
  3724   001252  4BBC               	infsnz	Modbus_ProcessFrame@i& (0+255),f,b
  3725   001254  2BBD               	incf	(Modbus_ProcessFrame@i+1)& (0+255),f,b
  3726   001256                     l2032:
  3727                           
  3728                           ; BSR set to: 0
  3729   001256  51C4               	movf	Modbus_ProcessFrame@num_regs& (0+255),w,b
  3730   001258  5DBC               	subwf	Modbus_ProcessFrame@i& (0+255),w,b
  3731   00125A  51C5               	movf	(Modbus_ProcessFrame@num_regs+1)& (0+255),w,b
  3732   00125C  59BD               	subwfb	(Modbus_ProcessFrame@i+1)& (0+255),w,b
  3733   00125E  A0D8               	btfss	status,0,c
  3734   001260  EF34  F009         	goto	u1201
  3735   001264  EF36  F009         	goto	u1200
  3736   001268                     u1201:
  3737   001268  EF0C  F009         	goto	l2020
  3738   00126C                     u1200:
  3739   00126C                     
  3740                           ; BSR set to: 0
  3741                           ;modbus.c: 55:         uint16_t tx_crc = Modbus_CRC16(tx_buffer, tx_idx);
  3742   00126C  0E60               	movlw	low Modbus_ProcessFrame@tx_buffer
  3743   00126E  6E05               	movwf	Modbus_CRC16@buf^0,c
  3744   001270  6A06               	clrf	(Modbus_CRC16@buf+1)^0,c
  3745   001272  C0C7  F007         	movff	Modbus_ProcessFrame@tx_idx,Modbus_CRC16@len
  3746   001276  EC5F  F00D         	call	_Modbus_CRC16	;wreg free
  3747   00127A  C005  F0B2         	movff	?_Modbus_CRC16,Modbus_ProcessFrame@tx_crc
  3748   00127E  C006  F0B3         	movff	?_Modbus_CRC16+1,Modbus_ProcessFrame@tx_crc+1
  3749   001282                     
  3750                           ;modbus.c: 57:         tx_buffer[tx_idx++] = (uint8_t)(tx_crc & 0xFF);
  3751   001282  0100               	movlb	0	; () banked
  3752   001284  51C7               	movf	Modbus_ProcessFrame@tx_idx& (0+255),w,b
  3753   001286  0F60               	addlw	low Modbus_ProcessFrame@tx_buffer
  3754   001288  6ED9               	movwf	fsr2l,c
  3755   00128A  6ADA               	clrf	fsr2h,c
  3756   00128C  C0B2  FFDF         	movff	Modbus_ProcessFrame@tx_crc,indf2
  3757   001290                     
  3758                           ; BSR set to: 0
  3759   001290  2BC7               	incf	Modbus_ProcessFrame@tx_idx& (0+255),f,b
  3760   001292                     
  3761                           ; BSR set to: 0
  3762                           ;modbus.c: 58:         tx_buffer[tx_idx++] = (uint8_t)((tx_crc >> 8) & 0xFF);
  3763   001292  51C7               	movf	Modbus_ProcessFrame@tx_idx& (0+255),w,b
  3764   001294  0F60               	addlw	low Modbus_ProcessFrame@tx_buffer
  3765   001296  6ED9               	movwf	fsr2l,c
  3766   001298  6ADA               	clrf	fsr2h,c
  3767   00129A  51B3               	movf	(Modbus_ProcessFrame@tx_crc+1)& (0+255),w,b
  3768   00129C  6EDF               	movwf	indf2,c
  3769   00129E                     
  3770                           ; BSR set to: 0
  3771   00129E  2BC7               	incf	Modbus_ProcessFrame@tx_idx& (0+255),f,b
  3772   0012A0                     
  3773                           ; BSR set to: 0
  3774                           ;modbus.c: 61:         for(uint16_t i = 0; i < tx_idx; i++) {
  3775   0012A0  6BBF               	clrf	(Modbus_ProcessFrame@i_884+1)& (0+255),b
  3776   0012A2  0E00               	movlw	0
  3777   0012A4  6FBE               	movwf	Modbus_ProcessFrame@i_884& (0+255),b
  3778   0012A6  EF5F  F009         	goto	l2050
  3779   0012AA                     l2046:
  3780                           
  3781                           ; BSR set to: 0
  3782                           ;modbus.c: 62:             UART_Write(tx_buffer[i]);
  3783   0012AA  51BE               	movf	Modbus_ProcessFrame@i_884& (0+255),w,b
  3784   0012AC  0F60               	addlw	low Modbus_ProcessFrame@tx_buffer
  3785   0012AE  6ED9               	movwf	fsr2l,c
  3786   0012B0  6ADA               	clrf	fsr2h,c
  3787   0012B2  50DF               	movf	indf2,w,c
  3788   0012B4  EC59  F00E         	call	_UART_Write
  3789   0012B8                     
  3790                           ;modbus.c: 63:         }
  3791   0012B8  0100               	movlb	0	; () banked
  3792   0012BA  4BBE               	infsnz	Modbus_ProcessFrame@i_884& (0+255),f,b
  3793   0012BC  2BBF               	incf	(Modbus_ProcessFrame@i_884+1)& (0+255),f,b
  3794   0012BE                     l2050:
  3795                           
  3796                           ; BSR set to: 0
  3797   0012BE  51C7               	movf	Modbus_ProcessFrame@tx_idx& (0+255),w,b
  3798   0012C0  6E11               	movwf	??_Modbus_ProcessFrame^0,c
  3799   0012C2  6A12               	clrf	(??_Modbus_ProcessFrame+1)^0,c
  3800   0012C4  5011               	movf	??_Modbus_ProcessFrame^0,w,c
  3801   0012C6  5DBE               	subwf	Modbus_ProcessFrame@i_884& (0+255),w,b
  3802   0012C8  5012               	movf	(??_Modbus_ProcessFrame+1)^0,w,c
  3803   0012CA  59BF               	subwfb	(Modbus_ProcessFrame@i_884+1)& (0+255),w,b
  3804   0012CC  A0D8               	btfss	status,0,c
  3805   0012CE  EF6B  F009         	goto	u1211
  3806   0012D2  EF6D  F009         	goto	u1210
  3807   0012D6                     u1211:
  3808   0012D6  EF55  F009         	goto	l2046
  3809   0012DA                     u1210:
  3810   0012DA  EF9F  F00A         	goto	l189
  3811   0012DE                     l2052:
  3812                           
  3813                           ; BSR set to: 0
  3814   0012DE  EE20 F001          	lfsr	2,1
  3815   0012E2  500E               	movf	Modbus_ProcessFrame@frame^0,w,c
  3816   0012E4  26D9               	addwf	fsr2l,f,c
  3817   0012E6  500F               	movf	(Modbus_ProcessFrame@frame+1)^0,w,c
  3818   0012E8  22DA               	addwfc	fsr2h,f,c
  3819   0012EA  0E06               	movlw	6
  3820   0012EC  18DE               	xorwf	postinc2,w,c
  3821   0012EE  A4D8               	btfss	status,2,c
  3822   0012F0  EF7C  F009         	goto	u1221
  3823   0012F4  EF7E  F009         	goto	u1220
  3824   0012F8                     u1221:
  3825   0012F8  EFD4  F009         	goto	l2068
  3826   0012FC                     u1220:
  3827   0012FC                     
  3828                           ; BSR set to: 0
  3829                           ;modbus.c: 68:         uint16_t reg_addr = ((uint16_t)frame[2] << 8) | frame[3];
  3830   0012FC  EE20 F003          	lfsr	2,3
  3831   001300  500E               	movf	Modbus_ProcessFrame@frame^0,w,c
  3832   001302  26D9               	addwf	fsr2l,f,c
  3833   001304  500F               	movf	(Modbus_ProcessFrame@frame+1)^0,w,c
  3834   001306  22DA               	addwfc	fsr2h,f,c
  3835   001308  50DF               	movf	indf2,w,c
  3836   00130A  6E11               	movwf	??_Modbus_ProcessFrame^0,c
  3837   00130C  EE20 F002          	lfsr	2,2
  3838   001310  500E               	movf	Modbus_ProcessFrame@frame^0,w,c
  3839   001312  26D9               	addwf	fsr2l,f,c
  3840   001314  500F               	movf	(Modbus_ProcessFrame@frame+1)^0,w,c
  3841   001316  22DA               	addwfc	fsr2h,f,c
  3842   001318  50DF               	movf	indf2,w,c
  3843   00131A  6E12               	movwf	(??_Modbus_ProcessFrame+1)^0,c
  3844   00131C  5011               	movf	??_Modbus_ProcessFrame^0,w,c
  3845   00131E  6FB4               	movwf	Modbus_ProcessFrame@reg_addr& (0+255),b
  3846   001320  C012  F0B5         	movff	??_Modbus_ProcessFrame+1,Modbus_ProcessFrame@reg_addr+1
  3847                           
  3848                           ;modbus.c: 69:         uint16_t reg_value = ((uint16_t)frame[4] << 8) | frame[5];
  3849   001324  EE20 F005          	lfsr	2,5
  3850   001328  500E               	movf	Modbus_ProcessFrame@frame^0,w,c
  3851   00132A  26D9               	addwf	fsr2l,f,c
  3852   00132C  500F               	movf	(Modbus_ProcessFrame@frame+1)^0,w,c
  3853   00132E  22DA               	addwfc	fsr2h,f,c
  3854   001330  50DF               	movf	indf2,w,c
  3855   001332  6E11               	movwf	??_Modbus_ProcessFrame^0,c
  3856   001334  EE20 F004          	lfsr	2,4
  3857   001338  500E               	movf	Modbus_ProcessFrame@frame^0,w,c
  3858   00133A  26D9               	addwf	fsr2l,f,c
  3859   00133C  500F               	movf	(Modbus_ProcessFrame@frame+1)^0,w,c
  3860   00133E  22DA               	addwfc	fsr2h,f,c
  3861   001340  50DF               	movf	indf2,w,c
  3862   001342  6E12               	movwf	(??_Modbus_ProcessFrame+1)^0,c
  3863   001344  5011               	movf	??_Modbus_ProcessFrame^0,w,c
  3864   001346  6FA4               	movwf	Modbus_ProcessFrame@reg_value& (0+255),b
  3865   001348  C012  F0A5         	movff	??_Modbus_ProcessFrame+1,Modbus_ProcessFrame@reg_value+1
  3866   00134C                     
  3867                           ; BSR set to: 0
  3868                           ;modbus.c: 71:         if (reg_addr < 20) {
  3869   00134C  51B5               	movf	(Modbus_ProcessFrame@reg_addr+1)& (0+255),w,b
  3870   00134E  E107               	bnz	u1231
  3871   001350  0E14               	movlw	20
  3872   001352  5DB4               	subwf	Modbus_ProcessFrame@reg_addr& (0+255),w,b
  3873   001354  B0D8               	btfsc	status,0,c
  3874   001356  EFAF  F009         	goto	u1231
  3875   00135A  EFB1  F009         	goto	u1230
  3876   00135E                     u1231:
  3877   00135E  EFBB  F009         	goto	l2060
  3878   001362                     u1230:
  3879   001362                     
  3880                           ; BSR set to: 0
  3881                           ;modbus.c: 72:             holding_registers[reg_addr] = reg_value;
  3882   001362  51B4               	movf	Modbus_ProcessFrame@reg_addr& (0+255),w,b
  3883   001364  0D02               	mullw	2
  3884   001366  50F3               	movf	243,w,c
  3885   001368  0FC8               	addlw	low _holding_registers
  3886   00136A  6ED9               	movwf	fsr2l,c
  3887   00136C  6ADA               	clrf	fsr2h,c
  3888   00136E  C0A4  FFDE         	movff	Modbus_ProcessFrame@reg_value,postinc2
  3889   001372  C0A5  FFDD         	movff	Modbus_ProcessFrame@reg_value+1,postdec2
  3890   001376                     l2060:
  3891                           
  3892                           ; BSR set to: 0
  3893                           ;modbus.c: 76:         for (uint8_t i = 0; i < len; i++) {
  3894   001376  6BC2               	clrf	Modbus_ProcessFrame@i_887& (0+255),b
  3895   001378  EFC9  F009         	goto	l2066
  3896   00137C                     l2062:
  3897                           
  3898                           ; BSR set to: 0
  3899                           ;modbus.c: 77:             UART_Write(frame[i]);
  3900   00137C  51C2               	movf	Modbus_ProcessFrame@i_887& (0+255),w,b
  3901   00137E  240E               	addwf	Modbus_ProcessFrame@frame^0,w,c
  3902   001380  6ED9               	movwf	fsr2l,c
  3903   001382  0E00               	movlw	0
  3904   001384  200F               	addwfc	(Modbus_ProcessFrame@frame+1)^0,w,c
  3905   001386  6EDA               	movwf	fsr2h,c
  3906   001388  50DF               	movf	indf2,w,c
  3907   00138A  EC59  F00E         	call	_UART_Write
  3908   00138E                     
  3909                           ;modbus.c: 78:         }
  3910   00138E  0100               	movlb	0	; () banked
  3911   001390  2BC2               	incf	Modbus_ProcessFrame@i_887& (0+255),f,b
  3912   001392                     l2066:
  3913                           
  3914                           ; BSR set to: 0
  3915   001392  5010               	movf	Modbus_ProcessFrame@len^0,w,c
  3916   001394  5DC2               	subwf	Modbus_ProcessFrame@i_887& (0+255),w,b
  3917   001396  A0D8               	btfss	status,0,c
  3918   001398  EFD0  F009         	goto	u1241
  3919   00139C  EFD2  F009         	goto	u1240
  3920   0013A0                     u1241:
  3921   0013A0  EFBE  F009         	goto	l2062
  3922   0013A4                     u1240:
  3923   0013A4  EF9F  F00A         	goto	l189
  3924   0013A8                     l2068:
  3925                           
  3926                           ; BSR set to: 0
  3927   0013A8  EE20 F001          	lfsr	2,1
  3928   0013AC  500E               	movf	Modbus_ProcessFrame@frame^0,w,c
  3929   0013AE  26D9               	addwf	fsr2l,f,c
  3930   0013B0  500F               	movf	(Modbus_ProcessFrame@frame+1)^0,w,c
  3931   0013B2  22DA               	addwfc	fsr2h,f,c
  3932   0013B4  0E10               	movlw	16
  3933   0013B6  18DE               	xorwf	postinc2,w,c
  3934   0013B8  A4D8               	btfss	status,2,c
  3935   0013BA  EFE1  F009         	goto	u1251
  3936   0013BE  EFE3  F009         	goto	u1250
  3937   0013C2                     u1251:
  3938   0013C2  EF9F  F00A         	goto	l189
  3939   0013C6                     u1250:
  3940   0013C6                     
  3941                           ; BSR set to: 0
  3942                           ;modbus.c: 84:         uint16_t start_addr = ((uint16_t)frame[2] << 8) | frame[3];
  3943   0013C6  EE20 F003          	lfsr	2,3
  3944   0013CA  500E               	movf	Modbus_ProcessFrame@frame^0,w,c
  3945   0013CC  26D9               	addwf	fsr2l,f,c
  3946   0013CE  500F               	movf	(Modbus_ProcessFrame@frame+1)^0,w,c
  3947   0013D0  22DA               	addwfc	fsr2h,f,c
  3948   0013D2  50DF               	movf	indf2,w,c
  3949   0013D4  6E11               	movwf	??_Modbus_ProcessFrame^0,c
  3950   0013D6  EE20 F002          	lfsr	2,2
  3951   0013DA  500E               	movf	Modbus_ProcessFrame@frame^0,w,c
  3952   0013DC  26D9               	addwf	fsr2l,f,c
  3953   0013DE  500F               	movf	(Modbus_ProcessFrame@frame+1)^0,w,c
  3954   0013E0  22DA               	addwfc	fsr2h,f,c
  3955   0013E2  50DF               	movf	indf2,w,c
  3956   0013E4  6E12               	movwf	(??_Modbus_ProcessFrame+1)^0,c
  3957   0013E6  5011               	movf	??_Modbus_ProcessFrame^0,w,c
  3958   0013E8  6FB6               	movwf	Modbus_ProcessFrame@start_addr_888& (0+255),b
  3959   0013EA  C012  F0B7         	movff	??_Modbus_ProcessFrame+1,Modbus_ProcessFrame@start_addr_888+1
  3960                           
  3961                           ;modbus.c: 85:         uint16_t num_regs = ((uint16_t)frame[4] << 8) | frame[5];
  3962   0013EE  EE20 F005          	lfsr	2,5
  3963   0013F2  500E               	movf	Modbus_ProcessFrame@frame^0,w,c
  3964   0013F4  26D9               	addwf	fsr2l,f,c
  3965   0013F6  500F               	movf	(Modbus_ProcessFrame@frame+1)^0,w,c
  3966   0013F8  22DA               	addwfc	fsr2h,f,c
  3967   0013FA  50DF               	movf	indf2,w,c
  3968   0013FC  6E11               	movwf	??_Modbus_ProcessFrame^0,c
  3969   0013FE  EE20 F004          	lfsr	2,4
  3970   001402  500E               	movf	Modbus_ProcessFrame@frame^0,w,c
  3971   001404  26D9               	addwf	fsr2l,f,c
  3972   001406  500F               	movf	(Modbus_ProcessFrame@frame+1)^0,w,c
  3973   001408  22DA               	addwfc	fsr2h,f,c
  3974   00140A  50DF               	movf	indf2,w,c
  3975   00140C  6E12               	movwf	(??_Modbus_ProcessFrame+1)^0,c
  3976   00140E  5011               	movf	??_Modbus_ProcessFrame^0,w,c
  3977   001410  6FB8               	movwf	Modbus_ProcessFrame@num_regs_889& (0+255),b
  3978   001412  C012  F0B9         	movff	??_Modbus_ProcessFrame+1,Modbus_ProcessFrame@num_regs_889+1
  3979   001416                     
  3980                           ; BSR set to: 0
  3981                           ;modbus.c: 87:         if (start_addr + num_regs <= 20) {
  3982   001416  51B8               	movf	Modbus_ProcessFrame@num_regs_889& (0+255),w,b
  3983   001418  25B6               	addwf	Modbus_ProcessFrame@start_addr_888& (0+255),w,b
  3984   00141A  6E11               	movwf	??_Modbus_ProcessFrame^0,c
  3985   00141C  51B9               	movf	(Modbus_ProcessFrame@num_regs_889+1)& (0+255),w,b
  3986   00141E  21B7               	addwfc	(Modbus_ProcessFrame@start_addr_888+1)& (0+255),w,b
  3987   001420  6E12               	movwf	(??_Modbus_ProcessFrame+1)^0,c
  3988   001422  5012               	movf	(??_Modbus_ProcessFrame+1)^0,w,c
  3989   001424  E107               	bnz	u1261
  3990   001426  0E15               	movlw	21
  3991   001428  5C11               	subwf	??_Modbus_ProcessFrame^0,w,c
  3992   00142A  B0D8               	btfsc	status,0,c
  3993   00142C  EF1A  F00A         	goto	u1261
  3994   001430  EF1C  F00A         	goto	u1260
  3995   001434                     u1261:
  3996   001434  EF59  F00A         	goto	l2084
  3997   001438                     u1260:
  3998   001438                     
  3999                           ; BSR set to: 0
  4000                           ;modbus.c: 88:             uint8_t data_idx = 7;
  4001   001438  0E07               	movlw	7
  4002   00143A  6FC3               	movwf	Modbus_ProcessFrame@data_idx& (0+255),b
  4003                           
  4004                           ;modbus.c: 89:             for (uint16_t i = 0; i < num_regs; i++) {
  4005   00143C  6BC1               	clrf	(Modbus_ProcessFrame@i_891+1)& (0+255),b
  4006   00143E  0E00               	movlw	0
  4007   001440  6FC0               	movwf	Modbus_ProcessFrame@i_891& (0+255),b
  4008   001442  EF4E  F00A         	goto	l2082
  4009   001446                     l2076:
  4010                           
  4011                           ; BSR set to: 0
  4012                           ;modbus.c: 90:                 holding_registers[start_addr + i] = ((uint16_t)frame[data
      +                          _idx] << 8) | frame[data_idx + 1];
  4013   001446  51C3               	movf	Modbus_ProcessFrame@data_idx& (0+255),w,b
  4014   001448  240E               	addwf	Modbus_ProcessFrame@frame^0,w,c
  4015   00144A  6E11               	movwf	??_Modbus_ProcessFrame^0,c
  4016   00144C  0E00               	movlw	0
  4017   00144E  200F               	addwfc	(Modbus_ProcessFrame@frame+1)^0,w,c
  4018   001450  6E12               	movwf	(??_Modbus_ProcessFrame+1)^0,c
  4019   001452  0E01               	movlw	1
  4020   001454  2411               	addwf	??_Modbus_ProcessFrame^0,w,c
  4021   001456  6ED9               	movwf	fsr2l,c
  4022   001458  0E00               	movlw	0
  4023   00145A  2012               	addwfc	(??_Modbus_ProcessFrame+1)^0,w,c
  4024   00145C  6EDA               	movwf	fsr2h,c
  4025   00145E  50DF               	movf	indf2,w,c
  4026   001460  6E13               	movwf	(??_Modbus_ProcessFrame+2)^0,c
  4027   001462  51C3               	movf	Modbus_ProcessFrame@data_idx& (0+255),w,b
  4028   001464  240E               	addwf	Modbus_ProcessFrame@frame^0,w,c
  4029   001466  6ED9               	movwf	fsr2l,c
  4030   001468  0E00               	movlw	0
  4031   00146A  200F               	addwfc	(Modbus_ProcessFrame@frame+1)^0,w,c
  4032   00146C  6EDA               	movwf	fsr2h,c
  4033   00146E  50DF               	movf	indf2,w,c
  4034   001470  6E15               	movwf	(??_Modbus_ProcessFrame+4)^0,c
  4035   001472  5013               	movf	(??_Modbus_ProcessFrame+2)^0,w,c
  4036   001474  6E14               	movwf	(??_Modbus_ProcessFrame+3)^0,c
  4037   001476  51C0               	movf	Modbus_ProcessFrame@i_891& (0+255),w,b
  4038   001478  0D02               	mullw	2
  4039   00147A  CFF3 F016          	movff	prodl,??_Modbus_ProcessFrame+5
  4040   00147E  51B6               	movf	Modbus_ProcessFrame@start_addr_888& (0+255),w,b
  4041   001480  0D02               	mullw	2
  4042   001482  50F3               	movf	243,w,c
  4043   001484  0FC8               	addlw	low _holding_registers
  4044   001486  2416               	addwf	(??_Modbus_ProcessFrame+5)^0,w,c
  4045   001488  6ED9               	movwf	fsr2l,c
  4046   00148A  6ADA               	clrf	fsr2h,c
  4047   00148C  C014  FFDE         	movff	??_Modbus_ProcessFrame+3,postinc2
  4048   001490  C015  FFDD         	movff	??_Modbus_ProcessFrame+4,postdec2
  4049   001494                     
  4050                           ; BSR set to: 0
  4051                           ;modbus.c: 91:                 data_idx += 2;
  4052   001494  0E02               	movlw	2
  4053   001496  27C3               	addwf	Modbus_ProcessFrame@data_idx& (0+255),f,b
  4054   001498                     
  4055                           ; BSR set to: 0
  4056                           ;modbus.c: 92:             }
  4057   001498  4BC0               	infsnz	Modbus_ProcessFrame@i_891& (0+255),f,b
  4058   00149A  2BC1               	incf	(Modbus_ProcessFrame@i_891+1)& (0+255),f,b
  4059   00149C                     l2082:
  4060                           
  4061                           ; BSR set to: 0
  4062   00149C  51B8               	movf	Modbus_ProcessFrame@num_regs_889& (0+255),w,b
  4063   00149E  5DC0               	subwf	Modbus_ProcessFrame@i_891& (0+255),w,b
  4064   0014A0  51B9               	movf	(Modbus_ProcessFrame@num_regs_889+1)& (0+255),w,b
  4065   0014A2  59C1               	subwfb	(Modbus_ProcessFrame@i_891+1)& (0+255),w,b
  4066   0014A4  A0D8               	btfss	status,0,c
  4067   0014A6  EF57  F00A         	goto	u1271
  4068   0014AA  EF59  F00A         	goto	u1270
  4069   0014AE                     u1271:
  4070   0014AE  EF23  F00A         	goto	l2076
  4071   0014B2                     u1270:
  4072   0014B2                     l2084:
  4073                           
  4074                           ; BSR set to: 0
  4075                           ;modbus.c: 96:         uint8_t tx_buffer[8];;modbus.c: 97:         tx_buffer[0] = 1;
  4076   0014B2  0E01               	movlw	1
  4077   0014B4  6FA6               	movwf	Modbus_ProcessFrame@tx_buffer_892& (0+255),b
  4078                           
  4079                           ;modbus.c: 98:         tx_buffer[1] = 0x10;
  4080   0014B6  0E10               	movlw	16
  4081   0014B8  6FA7               	movwf	(Modbus_ProcessFrame@tx_buffer_892+1)& (0+255),b
  4082   0014BA                     
  4083                           ; BSR set to: 0
  4084                           ;modbus.c: 99:         tx_buffer[2] = frame[2];
  4085   0014BA  EE20 F002          	lfsr	2,2
  4086   0014BE  500E               	movf	Modbus_ProcessFrame@frame^0,w,c
  4087   0014C0  26D9               	addwf	fsr2l,f,c
  4088   0014C2  500F               	movf	(Modbus_ProcessFrame@frame+1)^0,w,c
  4089   0014C4  22DA               	addwfc	fsr2h,f,c
  4090   0014C6  50DF               	movf	indf2,w,c
  4091   0014C8  6FA8               	movwf	(Modbus_ProcessFrame@tx_buffer_892+2)& (0+255),b
  4092   0014CA                     
  4093                           ; BSR set to: 0
  4094                           ;modbus.c: 100:         tx_buffer[3] = frame[3];
  4095   0014CA  EE20 F003          	lfsr	2,3
  4096   0014CE  500E               	movf	Modbus_ProcessFrame@frame^0,w,c
  4097   0014D0  26D9               	addwf	fsr2l,f,c
  4098   0014D2  500F               	movf	(Modbus_ProcessFrame@frame+1)^0,w,c
  4099   0014D4  22DA               	addwfc	fsr2h,f,c
  4100   0014D6  50DF               	movf	indf2,w,c
  4101   0014D8  6FA9               	movwf	(Modbus_ProcessFrame@tx_buffer_892+3)& (0+255),b
  4102   0014DA                     
  4103                           ; BSR set to: 0
  4104                           ;modbus.c: 101:         tx_buffer[4] = frame[4];
  4105   0014DA  EE20 F004          	lfsr	2,4
  4106   0014DE  500E               	movf	Modbus_ProcessFrame@frame^0,w,c
  4107   0014E0  26D9               	addwf	fsr2l,f,c
  4108   0014E2  500F               	movf	(Modbus_ProcessFrame@frame+1)^0,w,c
  4109   0014E4  22DA               	addwfc	fsr2h,f,c
  4110   0014E6  50DF               	movf	indf2,w,c
  4111   0014E8  6FAA               	movwf	(Modbus_ProcessFrame@tx_buffer_892+4)& (0+255),b
  4112   0014EA                     
  4113                           ; BSR set to: 0
  4114                           ;modbus.c: 102:         tx_buffer[5] = frame[5];
  4115   0014EA  EE20 F005          	lfsr	2,5
  4116   0014EE  500E               	movf	Modbus_ProcessFrame@frame^0,w,c
  4117   0014F0  26D9               	addwf	fsr2l,f,c
  4118   0014F2  500F               	movf	(Modbus_ProcessFrame@frame+1)^0,w,c
  4119   0014F4  22DA               	addwfc	fsr2h,f,c
  4120   0014F6  50DF               	movf	indf2,w,c
  4121   0014F8  6FAB               	movwf	(Modbus_ProcessFrame@tx_buffer_892+5)& (0+255),b
  4122   0014FA                     
  4123                           ; BSR set to: 0
  4124                           ;modbus.c: 104:         uint16_t tx_crc = Modbus_CRC16(tx_buffer, 6);
  4125   0014FA  0EA6               	movlw	low Modbus_ProcessFrame@tx_buffer_892
  4126   0014FC  6E05               	movwf	Modbus_CRC16@buf^0,c
  4127   0014FE  6A06               	clrf	(Modbus_CRC16@buf+1)^0,c
  4128   001500  0E06               	movlw	6
  4129   001502  6E07               	movwf	Modbus_CRC16@len^0,c
  4130   001504  EC5F  F00D         	call	_Modbus_CRC16	;wreg free
  4131   001508  C005  F0BA         	movff	?_Modbus_CRC16,Modbus_ProcessFrame@tx_crc_893
  4132   00150C  C006  F0BB         	movff	?_Modbus_CRC16+1,Modbus_ProcessFrame@tx_crc_893+1
  4133   001510                     
  4134                           ;modbus.c: 105:         tx_buffer[6] = (uint8_t)(tx_crc & 0xFF);
  4135   001510  C0BA  F0AC         	movff	Modbus_ProcessFrame@tx_crc_893,Modbus_ProcessFrame@tx_buffer_892+6
  4136   001514                     
  4137                           ;modbus.c: 106:         tx_buffer[7] = (uint8_t)((tx_crc >> 8) & 0xFF);
  4138   001514  0100               	movlb	0	; () banked
  4139   001516  51BB               	movf	(Modbus_ProcessFrame@tx_crc_893+1)& (0+255),w,b
  4140   001518  6FAD               	movwf	(Modbus_ProcessFrame@tx_buffer_892+7)& (0+255),b
  4141   00151A                     
  4142                           ; BSR set to: 0
  4143                           ;modbus.c: 108:         for(uint8_t i = 0; i < 8; i++) {
  4144   00151A  6BC6               	clrf	Modbus_ProcessFrame@i_894& (0+255),b
  4145   00151C                     l2106:
  4146                           
  4147                           ; BSR set to: 0
  4148                           ;modbus.c: 109:             UART_Write(tx_buffer[i]);
  4149   00151C  51C6               	movf	Modbus_ProcessFrame@i_894& (0+255),w,b
  4150   00151E  0FA6               	addlw	low Modbus_ProcessFrame@tx_buffer_892
  4151   001520  6ED9               	movwf	fsr2l,c
  4152   001522  6ADA               	clrf	fsr2h,c
  4153   001524  50DF               	movf	indf2,w,c
  4154   001526  EC59  F00E         	call	_UART_Write
  4155   00152A                     
  4156                           ;modbus.c: 110:         }
  4157   00152A  0100               	movlb	0	; () banked
  4158   00152C  2BC6               	incf	Modbus_ProcessFrame@i_894& (0+255),f,b
  4159   00152E                     
  4160                           ; BSR set to: 0
  4161   00152E  0E07               	movlw	7
  4162   001530  65C6               	cpfsgt	Modbus_ProcessFrame@i_894& (0+255),b
  4163   001532  EF9D  F00A         	goto	u1281
  4164   001536  EF9F  F00A         	goto	u1280
  4165   00153A                     u1281:
  4166   00153A  EF8E  F00A         	goto	l2106
  4167   00153E                     u1280:
  4168   00153E                     l189:
  4169   00153E  0012               	return		;funcret
  4170   001540                     __end_of_Modbus_ProcessFrame:
  4171                           	callstack 0
  4172                           
  4173 ;; *************** function _UART_Write *****************
  4174 ;; Defined at:
  4175 ;;		line 21 in file "uart.c"
  4176 ;; Parameters:    Size  Location     Type
  4177 ;;  data            1    wreg     unsigned char 
  4178 ;; Auto vars:     Size  Location     Type
  4179 ;;  data            1    3[COMRAM] unsigned char 
  4180 ;; Return value:  Size  Location     Type
  4181 ;;                  1    wreg      void 
  4182 ;; Registers used:
  4183 ;;		wreg
  4184 ;; Tracked objects:
  4185 ;;		On entry : 0/0
  4186 ;;		On exit  : 0/0
  4187 ;;		Unchanged: 0/0
  4188 ;; Data sizes:     COMRAM   BANK0   BANK1   BANK2   BANK3   BANK4   BANK5   BANK6   BANK7   BANK8   BANK9  BANK10  BANK1
      +1  BANK12
  4189 ;;      Params:         0       0       0       0       0       0       0       0       0       0       0       0       
      +0       0
  4190 ;;      Locals:         1       0       0       0       0       0       0       0       0       0       0       0       
      +0       0
  4191 ;;      Temps:          0       0       0       0       0       0       0       0       0       0       0       0       
      +0       0
  4192 ;;      Totals:         1       0       0       0       0       0       0       0       0       0       0       0       
      +0       0
  4193 ;;Total ram usage:        1 bytes
  4194 ;; Hardware stack levels used: 1
  4195 ;; Hardware stack levels required when called: 2
  4196 ;; This function calls:
  4197 ;;		Nothing
  4198 ;; This function is called by:
  4199 ;;		_Modbus_ProcessFrame
  4200 ;;		_UART_WriteString
  4201 ;; This function uses a non-reentrant model
  4202 ;;
  4203                           
  4204                           	psect	text7
  4205   001CB2                     __ptext7:
  4206                           	callstack 0
  4207   001CB2                     _UART_Write:
  4208                           	callstack 27
  4209                           
  4210                           ;incstack = 0
  4211                           ;UART_Write@data stored from wreg
  4212   001CB2  6E05               	movwf	UART_Write@data^0,c
  4213   001CB4                     l155:
  4214   001CB4  A2AC               	btfss	172,1,c	;volatile
  4215   001CB6  EF5F  F00E         	goto	u591
  4216   001CBA  EF61  F00E         	goto	u590
  4217   001CBE                     u591:
  4218   001CBE  EF5A  F00E         	goto	l155
  4219   001CC2                     u590:
  4220   001CC2                     
  4221                           ;uart.c: 23:     TXREG = data;
  4222   001CC2  C005  FFAD         	movff	UART_Write@data,4013	;volatile
  4223   001CC6  0012               	return		;funcret
  4224   001CC8                     __end_of_UART_Write:
  4225                           	callstack 0
  4226                           
  4227 ;; *************** function _Modbus_CRC16 *****************
  4228 ;; Defined at:
  4229 ;;		line 7 in file "modbus.c"
  4230 ;; Parameters:    Size  Location     Type
  4231 ;;  buf             2    3[COMRAM] PTR unsigned char 
  4232 ;;		 -> Modbus_ProcessFrame@tx_buffer_892(8), Modbus_ProcessFrame@tx_buffer(64), modbus_rx_buffer(64), 
  4233 ;;  len             1    5[COMRAM] unsigned char 
  4234 ;; Auto vars:     Size  Location     Type
  4235 ;;  i               2    7[COMRAM] int 
  4236 ;;  pos             1    9[COMRAM] unsigned char 
  4237 ;;  crc             2   10[COMRAM] unsigned short 
  4238 ;; Return value:  Size  Location     Type
  4239 ;;                  2    3[COMRAM] unsigned short 
  4240 ;; Registers used:
  4241 ;;		wreg, fsr2l, fsr2h, status,2, status,0
  4242 ;; Tracked objects:
  4243 ;;		On entry : 0/0
  4244 ;;		On exit  : 0/0
  4245 ;;		Unchanged: 0/0
  4246 ;; Data sizes:     COMRAM   BANK0   BANK1   BANK2   BANK3   BANK4   BANK5   BANK6   BANK7   BANK8   BANK9  BANK10  BANK1
      +1  BANK12
  4247 ;;      Params:         3       0       0       0       0       0       0       0       0       0       0       0       
      +0       0
  4248 ;;      Locals:         5       0       0       0       0       0       0       0       0       0       0       0       
      +0       0
  4249 ;;      Temps:          1       0       0       0       0       0       0       0       0       0       0       0       
      +0       0
  4250 ;;      Totals:         9       0       0       0       0       0       0       0       0       0       0       0       
      +0       0
  4251 ;;Total ram usage:        9 bytes
  4252 ;; Hardware stack levels used: 1
  4253 ;; Hardware stack levels required when called: 2
  4254 ;; This function calls:
  4255 ;;		Nothing
  4256 ;; This function is called by:
  4257 ;;		_Modbus_ProcessFrame
  4258 ;; This function uses a non-reentrant model
  4259 ;;
  4260                           
  4261                           	psect	text8
  4262   001ABE                     __ptext8:
  4263                           	callstack 0
  4264   001ABE                     _Modbus_CRC16:
  4265                           	callstack 27
  4266   001ABE                     
  4267                           ;modbus.c: 8:     uint16_t crc = 0xFFFF;
  4268   001ABE  680C               	setf	Modbus_CRC16@crc^0,c
  4269   001AC0  680D               	setf	(Modbus_CRC16@crc+1)^0,c
  4270                           
  4271                           ;modbus.c: 9:     for (uint8_t pos = 0; pos < len; pos++) {
  4272   001AC2  6A0B               	clrf	Modbus_CRC16@pos^0,c
  4273   001AC4  EF91  F00D         	goto	l1986
  4274   001AC8                     l1968:
  4275                           
  4276                           ;modbus.c: 10:         crc ^= (uint16_t)buf[pos];
  4277   001AC8  500B               	movf	Modbus_CRC16@pos^0,w,c
  4278   001ACA  2405               	addwf	Modbus_CRC16@buf^0,w,c
  4279   001ACC  6ED9               	movwf	fsr2l,c
  4280   001ACE  0E00               	movlw	0
  4281   001AD0  2006               	addwfc	(Modbus_CRC16@buf+1)^0,w,c
  4282   001AD2  6EDA               	movwf	fsr2h,c
  4283   001AD4  50DF               	movf	indf2,w,c
  4284   001AD6  6E08               	movwf	??_Modbus_CRC16^0,c
  4285   001AD8  5008               	movf	??_Modbus_CRC16^0,w,c
  4286   001ADA  1A0C               	xorwf	Modbus_CRC16@crc^0,f,c
  4287   001ADC                     
  4288                           ;modbus.c: 11:         for (int i = 8; i != 0; i--) {
  4289   001ADC  6A0A               	clrf	(Modbus_CRC16@i+1)^0,c
  4290   001ADE  0E08               	movlw	8
  4291   001AE0  6E09               	movwf	Modbus_CRC16@i^0,c
  4292   001AE2                     l180:
  4293                           
  4294                           ;modbus.c: 12:             if ((crc & 0x0001) != 0) {
  4295   001AE2  A00C               	btfss	Modbus_CRC16@crc^0,0,c
  4296   001AE4  EF76  F00D         	goto	u1121
  4297   001AE8  EF78  F00D         	goto	u1120
  4298   001AEC                     u1121:
  4299   001AEC  EF81  F00D         	goto	l1980
  4300   001AF0                     u1120:
  4301   001AF0                     
  4302                           ;modbus.c: 13:                 crc >>= 1;
  4303   001AF0  90D8               	bcf	status,0,c
  4304   001AF2  320D               	rrcf	(Modbus_CRC16@crc+1)^0,f,c
  4305   001AF4  320C               	rrcf	Modbus_CRC16@crc^0,f,c
  4306   001AF6                     
  4307                           ;modbus.c: 14:                 crc ^= 0xA001;
  4308   001AF6  0E01               	movlw	1
  4309   001AF8  1A0C               	xorwf	Modbus_CRC16@crc^0,f,c
  4310   001AFA  0EA0               	movlw	160
  4311   001AFC  1A0D               	xorwf	(Modbus_CRC16@crc+1)^0,f,c
  4312                           
  4313                           ;modbus.c: 15:             } else {
  4314   001AFE  EF84  F00D         	goto	l183
  4315   001B02                     l1980:
  4316                           
  4317                           ;modbus.c: 16:                 crc >>= 1;
  4318   001B02  90D8               	bcf	status,0,c
  4319   001B04  320D               	rrcf	(Modbus_CRC16@crc+1)^0,f,c
  4320   001B06  320C               	rrcf	Modbus_CRC16@crc^0,f,c
  4321   001B08                     l183:
  4322                           
  4323                           ;modbus.c: 18:         }
  4324   001B08  0609               	decf	Modbus_CRC16@i^0,f,c
  4325   001B0A  A0D8               	btfss	status,0,c
  4326   001B0C  060A               	decf	(Modbus_CRC16@i+1)^0,f,c
  4327   001B0E  5009               	movf	Modbus_CRC16@i^0,w,c
  4328   001B10  100A               	iorwf	(Modbus_CRC16@i+1)^0,w,c
  4329   001B12  A4D8               	btfss	status,2,c
  4330   001B14  EF8E  F00D         	goto	u1131
  4331   001B18  EF90  F00D         	goto	u1130
  4332   001B1C                     u1131:
  4333   001B1C  EF71  F00D         	goto	l180
  4334   001B20                     u1130:
  4335   001B20                     
  4336                           ;modbus.c: 19:     }
  4337   001B20  2A0B               	incf	Modbus_CRC16@pos^0,f,c
  4338   001B22                     l1986:
  4339   001B22  5007               	movf	Modbus_CRC16@len^0,w,c
  4340   001B24  5C0B               	subwf	Modbus_CRC16@pos^0,w,c
  4341   001B26  A0D8               	btfss	status,0,c
  4342   001B28  EF98  F00D         	goto	u1141
  4343   001B2C  EF9A  F00D         	goto	u1140
  4344   001B30                     u1141:
  4345   001B30  EF64  F00D         	goto	l1968
  4346   001B34                     u1140:
  4347   001B34                     
  4348                           ;modbus.c: 20:     return crc;
  4349   001B34  C00C  F005         	movff	Modbus_CRC16@crc,?_Modbus_CRC16
  4350   001B38  C00D  F006         	movff	Modbus_CRC16@crc+1,?_Modbus_CRC16+1
  4351   001B3C  0012               	return		;funcret
  4352   001B3E                     __end_of_Modbus_CRC16:
  4353                           	callstack 0
  4354                           
  4355 ;; *************** function _ISR *****************
  4356 ;; Defined at:
  4357 ;;		line 18 in file "main.c"
  4358 ;; Parameters:    Size  Location     Type
  4359 ;;		None
  4360 ;; Auto vars:     Size  Location     Type
  4361 ;;  dado            1    2[COMRAM] unsigned char 
  4362 ;; Return value:  Size  Location     Type
  4363 ;;                  1    wreg      void 
  4364 ;; Registers used:
  4365 ;;		wreg, fsr2l, fsr2h, status,2, status,0, cstack
  4366 ;; Tracked objects:
  4367 ;;		On entry : 0/0
  4368 ;;		On exit  : 0/0
  4369 ;;		Unchanged: 0/0
  4370 ;; Data sizes:     COMRAM   BANK0   BANK1   BANK2   BANK3   BANK4   BANK5   BANK6   BANK7   BANK8   BANK9  BANK10  BANK1
      +1  BANK12
  4371 ;;      Params:         0       0       0       0       0       0       0       0       0       0       0       0       
      +0       0
  4372 ;;      Locals:         1       0       0       0       0       0       0       0       0       0       0       0       
      +0       0
  4373 ;;      Temps:          2       0       0       0       0       0       0       0       0       0       0       0       
      +0       0
  4374 ;;      Totals:         3       0       0       0       0       0       0       0       0       0       0       0       
      +0       0
  4375 ;;Total ram usage:        3 bytes
  4376 ;; Hardware stack levels used: 1
  4377 ;; Hardware stack levels required when called: 1
  4378 ;; This function calls:
  4379 ;;		_Timer0_AtualizaRelogio
  4380 ;; This function is called by:
  4381 ;;		Interrupt level 2
  4382 ;; This function uses a non-reentrant model
  4383 ;;
  4384                           
  4385                           	psect	intcode
  4386   000008                     __pintcode:
  4387                           	callstack 0
  4388   000008                     _ISR:
  4389                           	callstack 27
  4390                           
  4391                           ;incstack = 0
  4392   000008  8201               	bsf	int$flags,1,c	;set compiler interrupt flag (level 2)
  4393   00000A  CFD9 F002          	movff	fsr2l,??_ISR
  4394   00000E  CFDA F003          	movff	fsr2h,??_ISR+1
  4395   000012                     
  4396                           ;main.c: 20:     if (INTCONbits.TMR0IF) {
  4397   000012  A4F2               	btfss	242,2,c	;volatile
  4398   000014  EF0E  F000         	goto	i2u90_41
  4399   000018  EF10  F000         	goto	i2u90_40
  4400   00001C                     i2u90_41:
  4401   00001C  EF2F  F000         	goto	i2l1810
  4402   000020                     i2u90_40:
  4403   000020                     
  4404                           ;main.c: 21:         INTCONbits.TMR0IF = 0;
  4405   000020  94F2               	bcf	242,2,c	;volatile
  4406   000022                     
  4407                           ;main.c: 22:         Timer0_AtualizaRelogio();
  4408   000022  EC0E  F00D         	call	_Timer0_AtualizaRelogio	;wreg free
  4409   000026                     
  4410                           ;main.c: 25:         if (modbus_idle_timer < 5) {
  4411   000026  0E05               	movlw	5
  4412   000028  6049               	cpfslt	_modbus_idle_timer^0,c	;volatile
  4413   00002A  EF19  F000         	goto	i2u91_41
  4414   00002E  EF1B  F000         	goto	i2u91_40
  4415   000032                     i2u91_41:
  4416   000032  EF2F  F000         	goto	i2l1810
  4417   000036                     i2u91_40:
  4418   000036                     
  4419                           ;main.c: 26:             modbus_idle_timer++;
  4420   000036  2A49               	incf	_modbus_idle_timer^0,f,c	;volatile
  4421   000038                     
  4422                           ;main.c: 27:             if (modbus_idle_timer == 4 && modbus_rx_index > 0) {
  4423   000038  0E04               	movlw	4
  4424   00003A  1849               	xorwf	_modbus_idle_timer^0,w,c	;volatile
  4425   00003C  A4D8               	btfss	status,2,c
  4426   00003E  EF23  F000         	goto	i2u92_41
  4427   000042  EF25  F000         	goto	i2u92_40
  4428   000046                     i2u92_41:
  4429   000046  EF2F  F000         	goto	i2l1810
  4430   00004A                     i2u92_40:
  4431   00004A  504A               	movf	_modbus_rx_index^0,w,c	;volatile
  4432   00004C  B4D8               	btfsc	status,2,c
  4433   00004E  EF2B  F000         	goto	i2u93_41
  4434   000052  EF2D  F000         	goto	i2u93_40
  4435   000056                     i2u93_41:
  4436   000056  EF2F  F000         	goto	i2l1810
  4437   00005A                     i2u93_40:
  4438   00005A                     
  4439                           ;main.c: 28:                 modbus_frame_ready = 1;
  4440   00005A  0E01               	movlw	1
  4441   00005C  6E48               	movwf	_modbus_frame_ready^0,c	;volatile
  4442   00005E                     i2l1810:
  4443                           
  4444                           ;main.c: 34:     if (PIR1bits.RCIF) {
  4445   00005E  AA9E               	btfss	158,5,c	;volatile
  4446   000060  EF34  F000         	goto	i2u94_41
  4447   000064  EF36  F000         	goto	i2u94_40
  4448   000068                     i2u94_41:
  4449   000068  EF54  F000         	goto	i2l61
  4450   00006C                     i2u94_40:
  4451   00006C                     
  4452                           ;main.c: 35:         uint8_t dado = RCREG;
  4453   00006C  CFAE F004          	movff	4014,ISR@dado	;volatile
  4454                           
  4455                           ;main.c: 38:         if (RCSTAbits.OERR) {
  4456   000070  A2AB               	btfss	171,1,c	;volatile
  4457   000072  EF3D  F000         	goto	i2u95_41
  4458   000076  EF3F  F000         	goto	i2u95_40
  4459   00007A                     i2u95_41:
  4460   00007A  EF41  F000         	goto	i2l59
  4461   00007E                     i2u95_40:
  4462   00007E                     
  4463                           ;main.c: 39:             RCSTAbits.CREN = 0;
  4464   00007E  98AB               	bcf	171,4,c	;volatile
  4465                           
  4466                           ;main.c: 40:             RCSTAbits.CREN = 1;
  4467   000080  88AB               	bsf	171,4,c	;volatile
  4468   000082                     i2l59:
  4469                           
  4470                           ;main.c: 43:         modbus_idle_timer = 0;
  4471   000082  6A49               	clrf	_modbus_idle_timer^0,c	;volatile
  4472                           
  4473                           ;main.c: 44:         modbus_frame_ready = 0;
  4474   000084  6A48               	clrf	_modbus_frame_ready^0,c	;volatile
  4475   000086                     
  4476                           ;main.c: 46:         if (modbus_rx_index < sizeof(modbus_rx_buffer)) {
  4477   000086  0E40               	movlw	64
  4478   000088  604A               	cpfslt	_modbus_rx_index^0,c	;volatile
  4479   00008A  EF49  F000         	goto	i2u96_41
  4480   00008E  EF4B  F000         	goto	i2u96_40
  4481   000092                     i2u96_41:
  4482   000092  EF54  F000         	goto	i2l61
  4483   000096                     i2u96_40:
  4484   000096                     
  4485                           ;main.c: 47:             modbus_rx_buffer[modbus_rx_index++] = dado;
  4486   000096  0E00               	movlw	low _modbus_rx_buffer
  4487   000098  244A               	addwf	_modbus_rx_index^0,w,c	;volatile
  4488   00009A  6ED9               	movwf	fsr2l,c
  4489   00009C  6ADA               	clrf	fsr2h,c
  4490   00009E  0E01               	movlw	high _modbus_rx_buffer
  4491   0000A0  22DA               	addwfc	fsr2h,f,c
  4492   0000A2  C004  FFDF         	movff	ISR@dado,indf2
  4493   0000A6  2A4A               	incf	_modbus_rx_index^0,f,c	;volatile
  4494   0000A8                     i2l61:
  4495   0000A8  C003  FFDA         	movff	??_ISR+1,fsr2h
  4496   0000AC  C002  FFD9         	movff	??_ISR,fsr2l
  4497   0000B0  9201               	bcf	int$flags,1,c	;clear compiler interrupt flag (level 2)
  4498   0000B2  0011               	retfie		f
  4499   0000B4                     __end_of_ISR:
  4500                           	callstack 0
  4501                           
  4502 ;; *************** function _Timer0_AtualizaRelogio *****************
  4503 ;; Defined at:
  4504 ;;		line 62 in file "rtc_eeprom.c"
  4505 ;; Parameters:    Size  Location     Type
  4506 ;;		None
  4507 ;; Auto vars:     Size  Location     Type
  4508 ;;		None
  4509 ;; Return value:  Size  Location     Type
  4510 ;;                  1    wreg      void 
  4511 ;; Registers used:
  4512 ;;		wreg, status,2, status,0
  4513 ;; Tracked objects:
  4514 ;;		On entry : 0/0
  4515 ;;		On exit  : 0/0
  4516 ;;		Unchanged: 0/0
  4517 ;; Data sizes:     COMRAM   BANK0   BANK1   BANK2   BANK3   BANK4   BANK5   BANK6   BANK7   BANK8   BANK9  BANK10  BANK1
      +1  BANK12
  4518 ;;      Params:         0       0       0       0       0       0       0       0       0       0       0       0       
      +0       0
  4519 ;;      Locals:         0       0       0       0       0       0       0       0       0       0       0       0       
      +0       0
  4520 ;;      Temps:          0       0       0       0       0       0       0       0       0       0       0       0       
      +0       0
  4521 ;;      Totals:         0       0       0       0       0       0       0       0       0       0       0       0       
      +0       0
  4522 ;;Total ram usage:        0 bytes
  4523 ;; Hardware stack levels used: 1
  4524 ;; This function calls:
  4525 ;;		Nothing
  4526 ;; This function is called by:
  4527 ;;		_ISR
  4528 ;; This function uses a non-reentrant model
  4529 ;;
  4530                           
  4531                           	psect	text10
  4532   001A1C                     __ptext10:
  4533                           	callstack 0
  4534   001A1C                     _Timer0_AtualizaRelogio:
  4535                           	callstack 27
  4536   001A1C                     
  4537                           ;rtc_eeprom.c: 63:     TMR0H = 0xEC;
  4538   001A1C  0EEC               	movlw	236
  4539   001A1E  6ED7               	movwf	215,c	;volatile
  4540                           
  4541                           ;rtc_eeprom.c: 64:     TMR0L = 0x78;
  4542   001A20  0E78               	movlw	120
  4543   001A22  6ED6               	movwf	214,c	;volatile
  4544   001A24                     
  4545                           ;rtc_eeprom.c: 66:     ms_contador++;
  4546   001A24  4A46               	infsnz	_ms_contador^0,f,c	;volatile
  4547   001A26  2A47               	incf	(_ms_contador+1)^0,f,c	;volatile
  4548   001A28                     
  4549                           ;rtc_eeprom.c: 67:     tempo_ms_total++;
  4550   001A28  0E01               	movlw	1
  4551   001A2A  2640               	addwf	_tempo_ms_total^0,f,c	;volatile
  4552   001A2C  0E00               	movlw	0
  4553   001A2E  2241               	addwfc	(_tempo_ms_total+1)^0,f,c	;volatile
  4554   001A30  2242               	addwfc	(_tempo_ms_total+2)^0,f,c	;volatile
  4555   001A32  2243               	addwfc	(_tempo_ms_total+3)^0,f,c	;volatile
  4556   001A34                     
  4557                           ;rtc_eeprom.c: 68:     if (ms_contador >= 1000) {
  4558   001A34  0EE8               	movlw	232
  4559   001A36  5C46               	subwf	_ms_contador^0,w,c	;volatile
  4560   001A38  0E03               	movlw	3
  4561   001A3A  5847               	subwfb	(_ms_contador+1)^0,w,c	;volatile
  4562   001A3C  A0D8               	btfss	status,0,c
  4563   001A3E  EF23  F00D         	goto	i2u66_41
  4564   001A42  EF25  F00D         	goto	i2u66_40
  4565   001A46                     i2u66_41:
  4566   001A46  EF5E  F00D         	goto	i2l126
  4567   001A4A                     i2u66_40:
  4568   001A4A                     
  4569                           ;rtc_eeprom.c: 69:         ms_contador = 0;
  4570   001A4A  6A47               	clrf	(_ms_contador+1)^0,c	;volatile
  4571   001A4C  0E00               	movlw	0
  4572   001A4E  6E46               	movwf	_ms_contador^0,c	;volatile
  4573   001A50                     
  4574                           ;rtc_eeprom.c: 70:         rtc.segundo++;
  4575   001A50  2A4B               	incf	_rtc^0,f,c	;volatile
  4576   001A52                     
  4577                           ;rtc_eeprom.c: 71:         if (rtc.segundo >= 60) {
  4578   001A52  0E3B               	movlw	59
  4579   001A54  644B               	cpfsgt	_rtc^0,c	;volatile
  4580   001A56  EF2F  F00D         	goto	i2u67_41
  4581   001A5A  EF31  F00D         	goto	i2u67_40
  4582   001A5E                     i2u67_41:
  4583   001A5E  EF5E  F00D         	goto	i2l126
  4584   001A62                     i2u67_40:
  4585   001A62                     
  4586                           ;rtc_eeprom.c: 72:             rtc.segundo = 0;
  4587   001A62  6A4B               	clrf	_rtc^0,c	;volatile
  4588   001A64                     
  4589                           ;rtc_eeprom.c: 73:             rtc.minuto++;
  4590   001A64  2A4C               	incf	(_rtc+1)^0,f,c	;volatile
  4591   001A66                     
  4592                           ;rtc_eeprom.c: 74:             if (rtc.minuto >= 60) {
  4593   001A66  0E3B               	movlw	59
  4594   001A68  644C               	cpfsgt	(_rtc+1)^0,c	;volatile
  4595   001A6A  EF39  F00D         	goto	i2u68_41
  4596   001A6E  EF3B  F00D         	goto	i2u68_40
  4597   001A72                     i2u68_41:
  4598   001A72  EF5E  F00D         	goto	i2l126
  4599   001A76                     i2u68_40:
  4600   001A76                     
  4601                           ;rtc_eeprom.c: 75:                 rtc.minuto = 0;
  4602   001A76  6A4C               	clrf	(_rtc+1)^0,c	;volatile
  4603   001A78                     
  4604                           ;rtc_eeprom.c: 76:                 rtc.hora++;
  4605   001A78  2A4D               	incf	(_rtc+2)^0,f,c	;volatile
  4606   001A7A                     
  4607                           ;rtc_eeprom.c: 77:                 if (rtc.hora >= 24) {
  4608   001A7A  0E17               	movlw	23
  4609   001A7C  644D               	cpfsgt	(_rtc+2)^0,c	;volatile
  4610   001A7E  EF43  F00D         	goto	i2u69_41
  4611   001A82  EF45  F00D         	goto	i2u69_40
  4612   001A86                     i2u69_41:
  4613   001A86  EF5E  F00D         	goto	i2l126
  4614   001A8A                     i2u69_40:
  4615   001A8A                     
  4616                           ;rtc_eeprom.c: 78:                     rtc.hora = 0;
  4617   001A8A  6A4D               	clrf	(_rtc+2)^0,c	;volatile
  4618   001A8C                     
  4619                           ;rtc_eeprom.c: 79:                     rtc.dia++;
  4620   001A8C  2A4E               	incf	(_rtc+3)^0,f,c	;volatile
  4621   001A8E                     
  4622                           ;rtc_eeprom.c: 80:                     if (rtc.dia > 30) {
  4623   001A8E  0E1E               	movlw	30
  4624   001A90  644E               	cpfsgt	(_rtc+3)^0,c	;volatile
  4625   001A92  EF4D  F00D         	goto	i2u70_41
  4626   001A96  EF4F  F00D         	goto	i2u70_40
  4627   001A9A                     i2u70_41:
  4628   001A9A  EF5E  F00D         	goto	i2l126
  4629   001A9E                     i2u70_40:
  4630   001A9E                     
  4631                           ;rtc_eeprom.c: 81:                         rtc.dia = 1;
  4632   001A9E  0E01               	movlw	1
  4633   001AA0  6E4E               	movwf	(_rtc+3)^0,c	;volatile
  4634   001AA2                     
  4635                           ;rtc_eeprom.c: 82:                         rtc.mes++;
  4636   001AA2  2A4F               	incf	(_rtc+4)^0,f,c	;volatile
  4637   001AA4                     
  4638                           ;rtc_eeprom.c: 83:                         if (rtc.mes > 12) {
  4639   001AA4  0E0C               	movlw	12
  4640   001AA6  644F               	cpfsgt	(_rtc+4)^0,c	;volatile
  4641   001AA8  EF58  F00D         	goto	i2u71_41
  4642   001AAC  EF5A  F00D         	goto	i2u71_40
  4643   001AB0                     i2u71_41:
  4644   001AB0  EF5E  F00D         	goto	i2l126
  4645   001AB4                     i2u71_40:
  4646   001AB4                     
  4647                           ;rtc_eeprom.c: 84:                             rtc.mes = 1;
  4648   001AB4  0E01               	movlw	1
  4649   001AB6  6E4F               	movwf	(_rtc+4)^0,c	;volatile
  4650   001AB8                     
  4651                           ;rtc_eeprom.c: 85:                             rtc.ano++;
  4652   001AB8  4A50               	infsnz	(_rtc+5)^0,f,c	;volatile
  4653   001ABA  2A51               	incf	(_rtc+6)^0,f,c	;volatile
  4654   001ABC                     i2l126:
  4655   001ABC  0012               	return		;funcret
  4656   001ABE                     __end_of_Timer0_AtualizaRelogio:
  4657                           	callstack 0
  4658                           
  4659                           	psect	rparam
  4660   000001                     ___rparam_used  equ	1
  4661   000000                     ___param_bank   equ	0
  4662   000000                     __Lparam        equ	__Lrparam
  4663   000000                     __Hparam        equ	__Hrparam
  4664   000001                     btemp           set	1	;btemp
  4665   000001                     int$flags       set	1
  4666   000001                     btemp0          set	1
  4667   000002                     btemp1          set	2
  4668                           
  4669                           	psect	config
  4670                           
  4671                           ; Padding undefined space
  4672   300000                     	org	3145728
  4673   300000  FF                 	db	255
  4674                           
  4675                           ;Config register CONFIG1H @ 0x300001
  4676                           ;	Oscillator Selection bits
  4677                           ;	OSC = HS, HS oscillator
  4678                           ;	Fail-Safe Clock Monitor Enable bit
  4679                           ;	FCMEN = 0x0, unprogrammed default
  4680                           ;	Internal/External Oscillator Switchover bit
  4681                           ;	IESO = OFF, Oscillator Switchover mode disabled
  4682   300001                     	org	3145729
  4683   300001  02                 	db	2
  4684                           
  4685                           ;Config register CONFIG2L @ 0x300002
  4686                           ;	Power-up Timer Enable bit
  4687                           ;	PWRT = 0x1, unprogrammed default
  4688                           ;	Brown-out Reset Enable bits
  4689                           ;	BOREN = OFF, Brown-out Reset disabled in hardware and software
  4690                           ;	Brown-out Reset Voltage bits
  4691                           ;	BORV = 0x3, unprogrammed default
  4692   300002                     	org	3145730
  4693   300002  19                 	db	25
  4694                           
  4695                           ;Config register CONFIG2H @ 0x300003
  4696                           ;	Watchdog Timer Enable bit
  4697                           ;	WDT = OFF, WDT disabled (control is placed on the SWDTEN bit)
  4698                           ;	Watchdog Timer Postscale Select bits
  4699                           ;	WDTPS = 0xF, unprogrammed default
  4700   300003                     	org	3145731
  4701   300003  1E                 	db	30
  4702                           
  4703                           ; Padding undefined space
  4704   300004                     	org	3145732
  4705   300004  FF                 	db	255
  4706                           
  4707                           ;Config register CONFIG3H @ 0x300005
  4708                           ;	PORTB A/D Enable bit
  4709                           ;	PBADEN = OFF, PORTB<4:0> pins are configured as digital I/O on Reset
  4710                           ;	Low-Power Timer 1 Oscillator Enable bit
  4711                           ;	LPT1OSC = 0x0, unprogrammed default
  4712                           ;	MCLR Pin Enable bit
  4713                           ;	MCLRE = ON, MCLR pin enabled; RE3 input pin disabled
  4714   300005                     	org	3145733
  4715   300005  80                 	db	128
  4716                           
  4717                           ;Config register CONFIG4L @ 0x300006
  4718                           ;	Stack Full/Underflow Reset Enable bit
  4719                           ;	STVREN = 0x1, unprogrammed default
  4720                           ;	Single-Supply ICSP Enable bit
  4721                           ;	LVP = OFF, Single-Supply ICSP disabled
  4722                           ;	Boot Block Size Select bits
  4723                           ;	BBSIZ = 0x0, unprogrammed default
  4724                           ;	Extended Instruction Set Enable bit
  4725                           ;	XINST = 0x0, unprogrammed default
  4726                           ;	Background Debugger Enable bit
  4727                           ;	DEBUG = 0x1, unprogrammed default
  4728   300006                     	org	3145734
  4729   300006  81                 	db	129
  4730                           
  4731                           ; Padding undefined space
  4732   300007                     	org	3145735
  4733   300007  FF                 	db	255
  4734                           tosu	equ	0xFFF
  4735                           tosh	equ	0xFFE
  4736                           tosl	equ	0xFFD
  4737                           stkptr	equ	0xFFC
  4738                           pclatu	equ	0xFFB
  4739                           pclath	equ	0xFFA
  4740                           pcl	equ	0xFF9
  4741                           tblptru	equ	0xFF8
  4742                           tblptrh	equ	0xFF7
  4743                           tblptrl	equ	0xFF6
  4744                           tablat	equ	0xFF5
  4745                           prodh	equ	0xFF4
  4746                           prodl	equ	0xFF3
  4747                           indf0	equ	0xFEF
  4748                           postinc0	equ	0xFEE
  4749                           postdec0	equ	0xFED
  4750                           preinc0	equ	0xFEC
  4751                           plusw0	equ	0xFEB
  4752                           fsr0h	equ	0xFEA
  4753                           fsr0l	equ	0xFE9
  4754                           wreg	equ	0xFE8
  4755                           indf1	equ	0xFE7
  4756                           postinc1	equ	0xFE6
  4757                           postdec1	equ	0xFE5
  4758                           preinc1	equ	0xFE4
  4759                           plusw1	equ	0xFE3
  4760                           fsr1h	equ	0xFE2
  4761                           fsr1l	equ	0xFE1
  4762                           bsr	equ	0xFE0
  4763                           indf2	equ	0xFDF
  4764                           postinc2	equ	0xFDE
  4765                           postdec2	equ	0xFDD
  4766                           preinc2	equ	0xFDC
  4767                           plusw2	equ	0xFDB
  4768                           fsr2h	equ	0xFDA
  4769                           fsr2l	equ	0xFD9
  4770                           status	equ	0xFD8

Data Sizes:
    Strings     187
    Constant    0
    Data        7
    BSS         115
    Persistent  0
    Stack       0

Auto Spaces:
    Space          Size  Autos    Used
    COMRAM           94     62      80
    BANK0           160    104     144
    BANK1           256      0      64
    BANK2           256      0       0
    BANK3           256      0       0
    BANK4           256      0       0
    BANK5           256      0       0
    BANK6           256      0       0
    BANK7           256      0       0
    BANK8           256      0       0
    BANK9           256      0       0
    BANK10          256      0       0
    BANK11          256      0       0
    BANK12          256      0       0

Pointer List with Targets:

    f$.$buffer	PTR unsigned char  size(1) Largest target is 80
		 -> ler_e_enviar_eeprom@buffer_serial(COMRAM[80]), 

    f$.$source	PTR const unsigned char  size(2) Largest target is 0

    Modbus_CRC16@buf	PTR unsigned char  size(2) Largest target is 64
		 -> Modbus_ProcessFrame@tx_buffer(BANK0[64]), Modbus_ProcessFrame@tx_buffer_892(BANK0[8]), modbus_rx_buffer(BANK1[64]), 

    Modbus_ProcessFrame@frame	PTR unsigned char  size(2) Largest target is 64
		 -> modbus_rx_buffer(BANK1[64]), 

    S1482$buffer	PTR unsigned char  size(1) Largest target is 80
		 -> ler_e_enviar_eeprom@buffer_serial(COMRAM[80]), 

    S1482$source	PTR const unsigned char  size(2) Largest target is 0

    vfprintf$0	PTR struct _IO_FILE size(1) Largest target is 12
		 -> sprintf@f(COMRAM[11]), 

    vfprintf$1	PTR const unsigned char  size(1) Largest target is 70
		 -> STR_3(CODE[70]), 

    vfprintf$2	PTR PTR void  size(1) Largest target is 1
		 -> sprintf@ap(COMRAM[1]), 


Critical Paths under _main in COMRAM

    _main->_salvar_evento_eeprom
    _salvar_evento_eeprom->___lldiv
    _UART_Init->___lldiv
    _Modbus_ProcessFrame->_Modbus_CRC16

Critical Paths under _ISR in COMRAM

    None.

Critical Paths under _main in BANK0

    _main->_Modbus_ProcessFrame

Critical Paths under _ISR in BANK0

    None.

Critical Paths under _main in BANK1

    None.

Critical Paths under _ISR in BANK1

    None.

Critical Paths under _main in BANK2

    None.

Critical Paths under _ISR in BANK2

    None.

Critical Paths under _main in BANK3

    None.

Critical Paths under _ISR in BANK3

    None.

Critical Paths under _main in BANK4

    None.

Critical Paths under _ISR in BANK4

    None.

Critical Paths under _main in BANK5

    None.

Critical Paths under _ISR in BANK5

    None.

Critical Paths under _main in BANK6

    None.

Critical Paths under _ISR in BANK6

    None.

Critical Paths under _main in BANK7

    None.

Critical Paths under _ISR in BANK7

    None.

Critical Paths under _main in BANK8

    None.

Critical Paths under _ISR in BANK8

    None.

Critical Paths under _main in BANK9

    None.

Critical Paths under _ISR in BANK9

    None.

Critical Paths under _main in BANK10

    None.

Critical Paths under _ISR in BANK10

    None.

Critical Paths under _main in BANK11

    None.

Critical Paths under _ISR in BANK11

    None.

Critical Paths under _main in BANK12

    None.

Critical Paths under _ISR in BANK12

    None.

Call Graph Tables:

 ---------------------------------------------------------------------------------
 (Depth) Function   	        Calls       Base Space   Used Autos Params    Refs
 ---------------------------------------------------------------------------------
 (0) _main                                                33    33      0    4736
                                             29 COMRAM    33    33      0
                _Modbus_ProcessFrame
                          _UART_Init
                            ___lldiv
                             ___lmul
               _salvar_evento_eeprom
 ---------------------------------------------------------------------------------
 (1) _salvar_evento_eeprom                                13     2     11     479
                                             16 COMRAM    13     2     11
                   _EEPROM_WriteByte
                            ___lldiv
 ---------------------------------------------------------------------------------
 (2) _EEPROM_WriteByte                                     4     1      3     105
                                              3 COMRAM     4     1      3
 ---------------------------------------------------------------------------------
 (1) ___lmul                                              12     4      8     104
                                              3 COMRAM    12     4      8
 ---------------------------------------------------------------------------------
 (1) _UART_Init                                           12     8      4     214
                                             16 COMRAM    12     8      4
                            ___lldiv
 ---------------------------------------------------------------------------------
 (2) ___lldiv                                             13     5      8     168
                                              3 COMRAM    13     5      8
 ---------------------------------------------------------------------------------
 (1) _Modbus_ProcessFrame                                114   111      3    3205
                                             12 COMRAM    10     7      3
                                              0 BANK0    104   104      0
                       _Modbus_CRC16
                         _UART_Write
 ---------------------------------------------------------------------------------
 (2) _UART_Write                                           1     1      0      29
                                              3 COMRAM     1     1      0
 ---------------------------------------------------------------------------------
 (2) _Modbus_CRC16                                         9     6      3     293
                                              3 COMRAM     9     6      3
 ---------------------------------------------------------------------------------
 Estimated maximum stack depth 2
 ---------------------------------------------------------------------------------
 (Depth) Function   	        Calls       Base Space   Used Autos Params    Refs
 ---------------------------------------------------------------------------------
 (3) _ISR                                                  3     3      0      23
                                              0 COMRAM     3     3      0
             _Timer0_AtualizaRelogio
 ---------------------------------------------------------------------------------
 (4) _Timer0_AtualizaRelogio                               0     0      0       0
 ---------------------------------------------------------------------------------
 Estimated maximum stack depth 4
 ---------------------------------------------------------------------------------

 Call Graph Graphs:

 _main (ROOT)
   _Modbus_ProcessFrame
     _Modbus_CRC16
     _UART_Write
   _UART_Init
     ___lldiv
   ___lldiv
   ___lmul
   _salvar_evento_eeprom
     _EEPROM_WriteByte
     ___lldiv

 _ISR (ROOT)
   _Timer0_AtualizaRelogio

Address spaces:
Name               Size   Autos  Total    Usage
BIGRAM            3327      0       0      0.0%
BITBIGSFRll        641      0       0      0.0%
BITBANK12          256      0       0      0.0%
BANK12             256      0       0      0.0%
BITBANK11          256      0       0      0.0%
BANK11             256      0       0      0.0%
BITBANK10          256      0       0      0.0%
BANK10             256      0       0      0.0%
BITBANK9           256      0       0      0.0%
BANK9              256      0       0      0.0%
BITBANK8           256      0       0      0.0%
BANK8              256      0       0      0.0%
BITBANK7           256      0       0      0.0%
BANK7              256      0       0      0.0%
BITBANK6           256      0       0      0.0%
BANK6              256      0       0      0.0%
BITBANK5           256      0       0      0.0%
BANK5              256      0       0      0.0%
BITBANK4           256      0       0      0.0%
BANK4              256      0       0      0.0%
BITBANK3           256      0       0      0.0%
BANK3              256      0       0      0.0%
BITBANK2           256      0       0      0.0%
BANK2              256      0       0      0.0%
BITBANK1           256      0       0      0.0%
BANK1              256      0      64     25.0%
BITBANK0           160      0       0      0.0%
BANK0              160    104     144     90.0%
BITCOMRAM           94      0       0      0.0%
COMRAM              94     62      80     85.1%
BITBIGSFRh          82      0       0      0.0%
BITBIGSFRlh         43      0       0      0.0%
STACK                0      0       0      0.0%
DATA                 0      0     295      0.0%


Microchip Technology PIC18 Macro Assembler V3.10 build 20250813170317 
Symbol Table                                                                                   Sun Oct  4 23:38:24 2026

                              l110 1CB0                                l114 1976  
                              l107 1CA0                                l109 1CAE  
                              l152 1BB0                                l250 1A1A  
                              l155 1CB4                                l243 1A0A  
                              l227 1C0A                                l180 1AE2  
                              l228 1C1A                                l158 1CC6  
                              l183 1B08                                l184 1B34  
                              l185 1B3C                                l189 153E  
                              _ISR 0008                                u630 199E  
                              u631 199A                                u640 19C0  
                              u641 19BC                                u650 19E8  
                              u730 18A4                                u651 19E4  
                              u731 18A0                                u580 1CAE  
                              u725 1B64                                u581 1CAA  
                              u590 1CC2                                u591 1CBE  
                              u575 1C9E                                u576 1CA0  
                              u880 1BD0                                u881 1BCC  
                              u890 1C0A                                u891 1C06  
                              _rtc 004B                                wreg 0FE8  
                             ?_ISR 0002                               l2000 114A  
                             l2100 151A                               l2020 1218  
                             l2012 11FC                               l2004 1168  
                             l2110 152E                               l2030 1252  
                             l2022 1236                               l2014 1204  
                             l2006 1186                               l2040 1292  
                             l2024 1242                               l2032 1256  
                             l2016 120A                               l2008 11D6  
                             l2200 1872                               l2120 154A  
                             l2112 1540                               l2106 151C  
                             l2050 12BE                               l2042 129E  
                             l2034 126C                               l2026 1244  
                             l2018 120E                               l2202 1882  
                             l2130 156C                               l2122 155E  
                             l2114 1544                               l2108 152A  
                             l2060 1376                               l2044 12A0  
                             l2036 1282                               l2028 1250  
                             l2052 12DE                               l2204 1884  
                             l2140 1576                               l2132 156E  
                             l2124 1562                               l2116 1546  
                             l2070 13C6                               l2062 137C  
                             l2054 12FC                               l2046 12AA  
                             l2038 1290                               l1510 1C7E  
                             l1502 1C6E                               l2150 15C6  
                             l2142 1586                               l2134 1570  
                             l2126 1566                               l2118 1548  
                             l2080 1498                               l2072 1416  
                             l2064 138E                               l2056 134C  
                             l2048 12B8                               l1520 1C90  
                             l1512 1C80                               l1504 1C74  
                             l2160 15F6                               l2152 15C8  
                             l2144 158E                               l2136 1572  
                             l2128 156A                               l2090 14DA  
                             l2082 149C                               l2074 1438  
                             l2066 1392                               l2058 1362  
                             l1522 1C94                               l1514 1C82  
                             l1506 1C78                               l2162 1604  
                             l2170 16DC                               l2154 15D0  
                             l2146 15A2                               l2138 1574  
                             l2092 14EA                               l2076 1446  
                             l2084 14B2                               l2068 13A8  
                             l1620 1BA0                               l1524 1C96  
                             l1516 1C8A                               l1508 1C7C  
                             l2180 17CA                               l2172 16EC  
                             l2164 1612                               l2156 15D6  
                             l2148 15C0                               l1526 1CB4  
                             l2094 14FA                               l2086 14BA  
                             l2078 1494                               l1630 1BAC  
                             l1622 1BA2                               l1518 1C8C  
                             l2190 183E                               l2182 17E2  
                             l2174 16FC                               l2166 1624  
                             l2158 15E6                               l1528 1CC2  
                             l2096 1510                               l2088 14CA  
                             l1560 19B2                               l1552 1978  
                             l1632 1BAE                               l1624 1BA4  
                             l1616 1B3E                               l1640 18B8  
                             l2192 184C                               l2184 17E4  
                             l2176 170A                               l2168 16D6  
                             l2098 1514                               l1570 19FA  
                             l1562 19C0                               l1554 1988  
                             l1626 1BA8                               l1618 1B42  
                             l1650 18FA                               l1642 18BC  
                             l1634 188E                               l2194 1858  
                             l2186 180A                               l2178 1718  
                             l1572 1A04                               l1564 19CA  
                             l1556 199E                               l1628 1BAA  
                             l1652 190E                               l1644 18D0  
                             l2188 1836                               l2196 185E  
                             l1566 19E8                               l1558 19A6  
                             l1654 191E                               l1646 18E2  
                             l1638 18A8                               l2198 1862  
                             l1568 19F8                               l1656 195E  
                             l1648 18F6                               l1658 1962  
                             l1790 1BE0                               l1792 1BEA  
                             l1784 1BB2                               l1970 1ADC  
                             l1786 1BC2                               l1980 1B02  
                             l1788 1BD0                               l1982 1B0E  
                             l1966 1ABE                               l1984 1B20  
                             l1976 1AF0                               l1968 1AC8  
                             l1992 10D2                               l1978 1AF6  
                             l1986 1B22                               l1996 10EE  
                             l1988 10BE                               l1998 1130  
                             STR_1 1047                               STR_2 107B  
                             STR_3 1001                               STR_4 10A3  
                             u1120 1AF0                               u1200 126C  
                             u1121 1AEC                               u1201 1268  
                             u1130 1B20                               u1210 12DA  
                             u1131 1B1C                               u1211 12D6  
                             u1140 1B34                               u1220 12FC  
                             u1300 15E6                               u1141 1B30  
                             u1221 12F8                               u1301 15E2  
                             u1230 1362                               u1150 10CE  
                             u1310 15F6                               u1231 135E  
                             u1151 10CA                               u1311 15F2  
                             u1240 13A4                               u1160 10EA  
                             u1320 1612                               u1241 13A0  
                             u1161 10E6                               u1321 160E  
                             u1250 13C6                               u1170 1164  
                             u1251 13C2                               u1171 1160  
                             u1331 161C                               u1260 1438  
                             u1180 1186                               u1340 16EC  
                             u1261 1434                               u1181 1182  
                             u1341 16E8                               u1270 14B2  
                             u1190 11F8                               u1350 16FC  
                             u1271 14AE                               u1191 11F4  
                             u1407 1702                               u1351 16F8  
                             u1280 153E                               u1360 1718  
                             u1281 153A                               u1361 1714  
                             u1290 15A2                               u1371 17EE  
                             u1291 159E                               u1380 1872  
                             u1381 186E                               u1397 15FC  
                             i2l61 00A8                               i2l59 0082  
                             _main 1540                               fsr2h 0FDA  
                             indf2 0FDF                               fsr1l 0FE1  
                             fsr2l 0FD9                               btemp 0001  
             EEPROM_WriteByte@dado 0007                               prodl 0FF3  
                             start 00B4                       ___param_bank 0000  
                            ??_ISR 0002                              ?_main 0002  
                            _EEADR 0FA9                    __end_of___lldiv 1A1C  
                            _T0CON 0FD5                              i2l126 1ABC  
                            _RCREG 0FAE                              _TMR0H 0FD7  
                            _TMR0L 0FD6                              _SPBRG 0FAF  
                            _TXREG 0FAD                _Modbus_ProcessFrame 10BE  
              ___lmul@multiplicand 0009                        ?_UART_Write 0002  
      Modbus_ProcessFrame@data_idx 00C3        Modbus_ProcessFrame@crc_calc 00A2  
                            btemp0 0001                              btemp1 0002  
                            tablat 0FF5                              plusw0 0FEB  
                            plusw1 0FE3                              plusw2 0FDB  
                            status 0FD8       __end_of_salvar_evento_eeprom 1978  
      Modbus_ProcessFrame@reg_addr 00B4               ?_Modbus_ProcessFrame 000E  
        Modbus_ProcessFrame@crc_rx 00A0                    __initialization 1C1C  
                     __end_of_main 188E          Modbus_ProcessFrame@tx_crc 00B2  
        Modbus_ProcessFrame@tx_idx 00C7        Modbus_ProcessFrame@num_regs 00C4  
                           ??_main 001F                      __activetblptr 0002  
             main@ms_inicio_evento 002F                      ?_Modbus_CRC16 0005  
                           _ADCON1 0FC1                             _EEADRH 0FAA  
                           _EEDATA 0FA8                             _EECON2 0FA7  
                           i2l1600 1A8A                             i2l1610 1AA4  
                           i2l1602 1A8C                             i2l1612 1AB4  
                           i2l1604 1A8E                             i2l1614 1AB8  
                           i2l1606 1A9E                             i2l1608 1AA2  
                           i2l1800 0026                             i2l1802 0036  
                           i2l1810 005E                             i2l1580 1A34  
                           i2l1820 00A6                             i2l1812 006C  
                           i2l1804 0038                             i2l1590 1A64  
                           i2l1582 1A4A                             i2l1574 1A1C  
                           i2l1814 007E                             i2l1806 004A  
                           i2l1592 1A66                             i2l1584 1A50  
                           i2l1576 1A24                             i2l1816 0086  
                           i2l1808 005A                             i2l1594 1A76  
                           i2l1586 1A52                             i2l1578 1A28  
                           i2l1818 0096                             i2l1596 1A78  
                           i2l1588 1A62                             i2l1598 1A7A  
                           i2l1794 0012                             i2l1796 0020  
                           i2l1798 0022              ??_Modbus_ProcessFrame 0011  
                __end_of_UART_Init 1BB2                             ___lmul 1BB2  
                        ??___lldiv 000D                 _modbus_frame_ready 0048  
                           clear_0 1C42                             clear_1 1C4E  
                           clear_2 1C5A                             isa$std 0001  
         __end_of_EEPROM_WriteByte 1CB2                       __pdataCOMRAM 004B  
                main@ms_fim_evento 002B                     ??_Modbus_CRC16 0008  
                     __mediumconst 1000                             tblptrh 0FF7  
                           tblptrl 0FF6                             tblptru 0FF8  
          ?_Timer0_AtualizaRelogio 0002                         __accesstop 0060  
          __end_of__initialization 1C60                    Modbus_CRC16@crc 000C  
                  Modbus_CRC16@buf 0005                    Modbus_CRC16@len 0007  
                  Modbus_CRC16@pos 000B  Modbus_ProcessFrame@start_addr_888 00B6  
                    ___rparam_used 0001           Modbus_ProcessFrame@i_891 00C0  
         Modbus_ProcessFrame@i_884 00BE           Modbus_ProcessFrame@i_894 00C6  
         Modbus_ProcessFrame@i_887 00C2                     __pcstackCOMRAM 0002  
         Modbus_ProcessFrame@frame 000E               _salvar_evento_eeprom 188E  
   __end_of_Timer0_AtualizaRelogio 1ABE                         __pbssBANK0 00C8  
                       __pbssBANK1 0100                            ISR@dado 0004  
                          ?___lmul 0005                     ___lmul@product 000D  
            ?_salvar_evento_eeprom 0012                       ??_UART_Write 0005  
                          i2u70_40 1A9E                            i2u70_41 1A9A  
                          i2u71_40 1AB4                            i2u71_41 1AB0  
                          i2u66_40 1A4A                            i2u90_40 0020  
                          i2u66_41 1A46                            i2u90_41 001C  
                          i2u67_40 1A62                            i2u91_40 0036  
                          i2u67_41 1A5E                            i2u91_41 0032  
                          i2u68_40 1A76                            i2u92_40 004A  
                          i2u68_41 1A72                            i2u92_41 0046  
                          i2u69_40 1A8A                            i2u93_40 005A  
                          i2u69_41 1A86                            i2u93_41 0056  
                          i2u94_40 006C                            i2u94_41 0068  
                          i2u95_40 007E                            i2u95_41 007A  
                          i2u96_40 0096                            i2u96_41 0092  
        EEPROM_WriteByte@gie_state 0008   Modbus_ProcessFrame@tx_buffer_892 00A6  
                          __Hparam 0000                            __Lparam 0000  
             __end_of_Modbus_CRC16 1B3E                            ___lldiv 1978  
               __end_of_UART_Write 1CC8                       __psmallconst 1000  
                          __pcinit 1C1C                            __ramtop 1000  
                          __ptext0 1540                            __ptext1 188E  
                          __ptext2 1C6E                            __ptext3 1BB2  
                          __ptext4 1B3E                            __ptext5 1978  
                          __ptext6 10BE                            __ptext7 1CB2  
                          __ptext8 1ABE               end_of_initialization 1C60  
                    __Lmediumconst 0000                    ___lldiv@divisor 0009  
                  ___lldiv@counter 0011                          _RCSTAbits 0FAB  
                          postdec1 0FE5                            postdec2 0FDD  
                          postinc0 0FEE                            postinc2 0FDE  
                        _UART_Init 1B3E                          _PORTBbits 0F81  
           ??_salvar_evento_eeprom 001D                  ?_EEPROM_WriteByte 0005  
                   UART_Write@data 0005                   main@estado_atual 0038  
               UART_Init@baud_rate 0012                 ??_EEPROM_WriteByte 0008  
                        _TRISAbits 0F92                          _TRISBbits 0F93  
                        _TRISCbits 0F94        __end_of_Modbus_ProcessFrame 1540  
                        _TXSTAbits 0FAC     salvar_evento_eeprom@duracao_ms 0019  
                   __end_of___lmul 1C1C                        _BAUDCONbits 0FB8  
                       ?_UART_Init 0012                      __pidataCOMRAM 1CC8  
                  _endereco_eeprom 0044                start_initialization 1C1C  
                      __end_of_ISR 00B4                 UART_Init@spbrg_val 001A  
                _modbus_idle_timer 0049                           ??___lmul 000D  
                      __pbssCOMRAM 0040                      __pcstackBANK0 0060  
                     _Modbus_CRC16 1ABE    salvar_evento_eeprom@duracao_sec 001D  
                   _tempo_ms_total 0040                          __pintcode 0008  
                         ?___lldiv 0005                        ??_UART_Init 0016  
                      __smallconst 1000                           _LATAbits 0F89  
                         _PIE1bits 0F9D                  _holding_registers 00C8  
                         _PIR1bits 0F9E                 main@momento_inicio 0039  
  Modbus_ProcessFrame@num_regs_889 00B8           ??_Timer0_AtualizaRelogio 0002  
                ___lmul@multiplier 0005      Modbus_ProcessFrame@tx_crc_893 00BA  
                        copy_data0 1C30      Modbus_ProcessFrame@start_addr 00AE  
                       _EECON1bits 0FA6                           __Hrparam 0000  
                         __Lrparam 0000                      Modbus_CRC16@i 0009  
           Modbus_ProcessFrame@len 0010             Modbus_ProcessFrame@val 00B0  
                         __ptext10 1A1C       Modbus_ProcessFrame@reg_value 00A4  
                 _modbus_rx_buffer 0100                           isa$xinst 0000  
                         int$flags 0001                        _ms_contador 0046  
     Modbus_ProcessFrame@tx_buffer 0060                         _INTCONbits 0FF2  
         EEPROM_WriteByte@endereco 0005                           intlevel2 0000  
                 ___lldiv@dividend 0005                main@estado_anterior 0037  
                main@duracao_total 0033                    _modbus_rx_index 004A  
       salvar_evento_eeprom@inicio 0012               Modbus_ProcessFrame@i 00BC  
                 ___lldiv@quotient 000D                         _UART_Write 1CB2  
                 _EEPROM_WriteByte 1C6E             _Timer0_AtualizaRelogio 1A1C  
